Location,Users,New Users
"Los Angeles, California, United States",13879,11347
"Singapore, (not set), Singapore",4609,4381
"Lanzhou, Gansu, China",3267,3048
"San Diego, California, United States",2300,2008
"Irvine, California, United States",1920,1761
"Dana Point, California, United States",1799,1588
"Anaheim, California, United States",1739,1473
"Laguna Niguel, California, United States",1342,1196
"San Clemente, California, United States",1277,1158
"(not set), California, United States",1186,860
"Ashburn, Virginia, United States",994,952
"Mission Viejo, California, United States",869,781
"Santa Ana, California, United States",804,690
"New York, New York, United States",791,739
"Phoenix, Arizona, United States",740,668
"(not set), (not set), China",621,608
"San Juan Capistrano, California, United States",607,535
"San Jose, California, United States",600,511
"Escondido, California, United States",597,510
"Las Vegas Valley, Nevada, United States",562,437
"Boardman, Oregon, United States",544,531
"Lake Forest, California, United States",473,428
"Long Beach, California, United States",427,382
"Aliso Viejo, California, United States",402,374
"Oceanside, California, United States",396,293
"Seattle, Washington, United States",384,315
"Riverside, California, United States",383,342
"Las Vegas, Nevada, United States",371,306
"(not set), (not set), Singapore",330,266
"Tehachapi, California, United States",317,203
"Huntington Beach, California, United States",312,293
"Barstow, California, United States",309,191
"San Francisco, California, United States",300,263
"Dallas, Texas, United States",299,268
"Chicago, Illinois, United States",298,268
"Sacramento, California, United States",292,213
"Newport Beach, California, United States",289,270
"San Bernardino, California, United States",284,236
"Arcata, California, United States",271,191
"(not set), (not set), United States",269,253
"Amsterdam, North Holland, Netherlands",265,255
"Ho Chi Minh City, Ho Chi Minh, Vietnam",253,94
"San Luis Obispo, California, United States",251,136
"Turlock, California, United States",247,155
"Laguna Beach, California, United States",246,220
"(not set), Washington, United States",243,156
"Santa Rosa, California, United States",235,151
"Costa Mesa, California, United States",230,217
"Hanoi, Ha Noi, Vietnam",221,75
"Visalia, California, United States",217,132
"North Charleston, South Carolina, United States",216,216
"Quincy, California, United States",215,131
"Clearlake, California, United States",213,135
"Denver, Colorado, United States",213,188
"Rancho Santa Margarita, California, United States",213,200
"Atwater, California, United States",210,117
"Gustine, California, United States",206,125
"Houston, Texas, United States",206,193
"Orange, California, United States",205,194
"Portola, California, United States",205,114
"Rancho Cucamonga, California, United States",202,178
"Rancho Mission Viejo, California, United States",200,181
"Anza, California, United States",199,123
"Fontana, California, United States",199,172
"Fresno, California, United States",197,131
"Murrieta, California, United States",194,172
"Tustin, California, United States",192,174
"Copperopolis, California, United States",190,108
"Laguna Hills, California, United States",190,167
"Ontario, California, United States",186,164
"Delano, California, United States",183,104
"Corona, California, United States",181,171
"Yuba City, California, United States",181,116
"Gilroy, California, United States",178,118
"Temecula, California, United States",178,162
"Carlsbad, California, United States",175,169
"London, England, United Kingdom",175,158
"Moreno Valley, California, United States",174,150
"Woodlake, California, United States",174,103
"Oakhurst, California, United States",173,107
"Ridgecrest, California, United States",168,102
"(not set), Virginia, United States",167,166
"Newman, California, United States",165,112
"Moses Lake, Washington, United States",163,149
"Colusa, California, United States",160,104
"Willows, California, United States",159,105
"Ceres, California, United States",157,105
"Portland, Oregon, United States",156,123
"Atlanta, Georgia, United States",155,129
"Fairfield, California, United States",155,100
"(not set), Texas, United States",153,129
"Fullerton, California, United States",152,141
"Lakeport, California, United States",152,100
"Sonora, California, United States",152,87
"Palmdale, California, United States",149,87
"Cazadero, California, United States",145,91
"El Cajon, California, United States",145,106
"Council Bluffs, Iowa, United States",142,140
"Fremont, California, United States",142,104
"South Lake Tahoe, California, United States",142,89
"Julian, California, United States",140,80
"Des Moines, Iowa, United States",138,145
"McAlester, Oklahoma, United States",136,136
"Merced, California, United States",129,81
"Frazier Park, California, United States",128,85
"Miami, Florida, United States",128,105
"(not set), Florida, United States",124,112
"(not set), Colorado, United States",123,113
"Sparks, Nevada, United States",123,76
"Wasco, California, United States",122,78
"Brawley, California, United States",119,68
"Columbus, Ohio, United States",118,103
"Hong Kong, (not set), Hong Kong",115,104
"Ladera Ranch, California, United States",114,110
"Frankfurt am Main, Hessen, Germany",113,118
"(not set), Idaho, United States",110,70
"Ho Chi Minh City, Ho Chi Minh City, Vietnam",108,78
"Kirkland, Washington, United States",108,70
"Salt Lake City, Utah, United States",106,95
"Victorville, California, United States",106,95
"(not set), (not set), Germany",105,104
"Bellingham, Washington, United States",105,67
"Jakarta, Jakarta, Indonesia",104,92
"San Antonio, Texas, United States",104,94
"San Marcos, California, United States",103,97
"Santa Clarita, California, United States",103,91
"Torrance, California, United States",102,94
"Cave Junction, Oregon, United States",101,66
"Laguna Woods, California, United States",100,91
"Yorba Linda, California, United States",100,92
"Anderson, California, United States",98,49
"Cottonwood, California, United States",98,54
"Mesa, Arizona, United States",97,89
"Santa Clara, California, United States",96,94
"(not set), (not set), (not set)",94,94
"Shasta Lake, California, United States",91,56
"Austin, Texas, United States",90,85
"Medford, Oregon, United States",90,59
"(not set), Nevada, United States",89,45
"Hesperia, California, United States",89,75
"East Los Angeles, California, United States",88,60
"(not set), New York, United States",87,81
"Garden Grove, California, United States",87,81
"Pasadena, California, United States",87,78
"Santa Monica, California, United States",86,74
"Edmonds, Washington, United States",85,48
"Hanoi, Hanoi, Vietnam",83,53
"Springfield, Oregon, United States",83,61
"Brookings, Oregon, United States",82,43
"Reston, Virginia, United States",82,79
"Aspen, Colorado, United States",81,77
"Chino, California, United States",81,73
"Dhaka, Dhaka Division, Bangladesh",80,43
"Westminster, California, United States",80,79
"Glendale, California, United States",79,75
"Heppner, Oregon, United States",79,49
"Scottsdale, Arizona, United States",79,70
"Redlands, California, United States",78,70
"Connell, Washington, United States",77,48
"Pendleton, Oregon, United States",77,41
"Silver Springs, Nevada, United States",77,57
"Toronto, Ontario, Canada",77,71
"Urumqi, Xinjiang, China",77,76
"Indio, California, United States",76,71
"Othello, Washington, United States",76,41
"Thousand Oaks, California, United States",76,58
"Yuma, Arizona, United States",76,65
"Baghdad, Baghdad Governorate, Iraq",75,25
"Fort Worth, Texas, United States",75,62
"Wells, Nevada, United States",75,44
"Bakersfield, California, United States",74,51
"Chandler, Arizona, United States",74,66
"Gerlach, Nevada, United States",74,47
"Lake Elsinore, California, United States",74,71
"Pomona, California, United States",74,68
"Salem, Oregon, United States",74,43
"Upland, California, United States",74,68
"(not set), Indiana, United States",73,55
"Lewiston, Idaho, United States",73,35
"Yreka, California, United States",73,44
"Encinitas, California, United States",72,70
"Hermiston, Oregon, United States",72,41
"Warm Springs, Oregon, United States",72,46
"Washington, District of Columbia, United States",72,59
"Ely, Nevada, United States",71,44
"Long Beach, Washington, United States",71,44
"Needles, California, United States",71,42
"Chino Hills, California, United States",70,66
"Ritzville, Washington, United States",70,36
"Winlock, Washington, United States",70,42
"Central Point, Oregon, United States",69,44
"Haiphong, Hai Phong, Vietnam",69,21
"Mount Vernon, Washington, United States",69,40
"Monmouth, Oregon, United States",68,46
"Vista, California, United States",68,67
"Aberdeen, Washington, United States",67,40
"Boston, Massachusetts, United States",67,63
"College Place, Washington, United States",67,35
"Paris, Ile-de-France, France",67,62
"Prineville, Oregon, United States",67,52
"(not set), Thanh Hoa, Vietnam",66,17
"Menifee, California, United States",66,62
"Charlotte, North Carolina, United States",65,62
"Friday Harbor, Washington, United States",65,40
"Hemet, California, United States",65,55
"Crescent City, California, United States",64,36
"Whittier, California, United States",64,62
"Fort Irwin, California, United States",63,42
"Plummer, Idaho, United States",63,39
"(not set), Pennsylvania, United States",62,56
"Chula Vista, California, United States",62,51
"Lakeside, Oregon, United States",62,44
"Buena Park, California, United States",61,56
"Centralia, Washington, United States",61,38
"Deming, Washington, United States",61,41
"Oakland, California, United States",61,51
"Sao Paulo, State of Sao Paulo, Brazil",61,26
"Bogota, Bogota, Colombia",60,50
"Tucson, Arizona, United States",60,57
"(not set), Kansas, United States",59,56
"Burbank, California, United States",59,57
"Kent, Washington, United States",59,41
"Suginami City, Tokyo, Japan",59,56
"Van Horn, Texas, United States",59,47
"Astoria, Oregon, United States",58,40
"Clarkston, Washington, United States",58,33
"Coeur d'Alene, Idaho, United States",58,34
"Elk Grove, California, United States",58,46
"Philadelphia, Pennsylvania, United States",58,53
"Quincy, Washington, United States",58,34
"Glendale, Arizona, United States",57,42
"Honolulu, Hawaii, United States",57,48
"Istanbul, Istanbul, Türkiye",57,33
"Coos Bay, Oregon, United States",56,36
"Mexico City, Mexico City, Mexico",56,38
"Placerville, California, United States",56,39
"The Hague, South Holland, Netherlands",56,41
"Orlando, Florida, United States",55,45
"Peoria, Arizona, United States",55,44
"Cypress, California, United States",54,47
"Minneapolis, Minnesota, United States",54,48
"(not set), Montana, United States",53,27
"Atascadero, California, United States",53,34
"Cottage Grove, Oregon, United States",53,33
"Eindhoven, North Brabant, Netherlands",53,33
"Marysville, Washington, United States",53,37
"Coto de Caza, California, United States",52,47
"Placentia, California, United States",52,51
"Tygh Valley, Oregon, United States",52,29
"(not set), (not set), United Kingdom",51,51
"Santiago, Santiago Metropolitan Region, Chile",50,36
"Amman, Amman Governorate, Jordan",49,20
"Grants Pass, Oregon, United States",49,28
"Hanford, California, United States",49,29
"North Bergen, New Jersey, United States",49,49
"Desert Hot Springs, California, United States",48,28
"Lancaster, California, United States",48,36
"Rotterdam, South Holland, Netherlands",48,38
"Sydney, New South Wales, Australia",48,47
"Deer Park, Washington, United States",47,29
"Lahore, Punjab, Pakistan",47,14
"Moscow, Idaho, United States",47,32
"Tacoma, Washington, United States",47,27
"Toppenish, Washington, United States",47,26
"Odell, Oregon, United States",46,24
"Reno, Nevada, United States",46,37
"Roseville, California, United States",46,38
"Selma, California, United States",46,24
"(not set), Lam Dong, Vietnam",45,15
"Boulder City, Nevada, United States",45,27
"Brea, California, United States",45,40
"Da Nang, Da Nang, Vietnam",45,13
"El Paso, Texas, United States",45,34
"Jeddah, Makkah Province, Saudi Arabia",45,22
"Oxnard, California, United States",45,33
"Rialto, California, United States",45,41
"Spokane, Washington, United States",45,28
"Colton, California, United States",44,37
"Delhi, Delhi Division, India",44,23
"Diamond Bar, California, United States",44,42
"West Wendover, Nevada, United States",44,30
"Yerington, Nevada, United States",44,25
"Yucaipa, California, United States",44,32
"Jurupa Valley, California, United States",43,41
"San Mateo, California, United States",43,35
"(not set), (not set), Netherlands",42,39
"(not set), Tay Ninh, Vietnam",42,14
"Bishop, California, United States",42,28
"Dubai, Dubai, United Arab Emirates",42,34
"Nashville, Tennessee, United States",42,34
"Palm Desert, California, United States",42,41
"Phelan, California, United States",42,25
"Sunnyvale, California, United States",42,36
"Bridgeport, Washington, United States",41,23
"Bullhead City, Arizona, United States",41,30
"Can Tho, Can Tho, Vietnam",41,9
"Culver City, California, United States",41,39
"Fountain Valley, California, United States",41,37
"Kellogg, Idaho, United States",41,26
"McMinnville, Oregon, United States",41,29
"Pittsburgh, Pennsylvania, United States",41,39
"St. Louis, Missouri, United States",41,35
"Tashkent, (not set), Uzbekistan",41,12
"Arroyo Grande, California, United States",40,24
"Blythe, California, United States",40,31
"Cheyenne, Wyoming, United States",40,35
"Happy Camp, California, United States",40,25
"Pahrump, Nevada, United States",40,20
"Ventura, California, United States",40,35
"Apple Valley, California, United States",39,35
"Jacksonville, Florida, United States",39,34
"La Habra, California, United States",39,31
"Leavenworth, Washington, United States",39,28
"Lompoc, California, United States",39,25
"Mount Shasta, California, United States",39,25
"Nairobi, Nairobi County, Kenya",39,20
"(not set), Vinh Long, Vietnam",38,12
"Albuquerque, New Mexico, United States",38,34
"Cheney, Kansas, United States",38,35
"Gilbert, Arizona, United States",38,36
"Karachi, Sindh, Pakistan",38,15
"Kingsburg, California, United States",38,21
"Madrid, Madrid, Spain",38,37
"Palm Springs, California, United States",38,37
"Santa Barbara, California, United States",38,30
"Shafter, California, United States",38,24
"Weed, California, United States",38,19
"Wenatchee, Washington, United States",38,20
"(not set), Oregon, United States",37,24
"Arlington, Washington, United States",37,26
"Beaumont, California, United States",37,33
"Rochester, Washington, United States",37,17
"Adelanto, California, United States",36,26
"Bend, Oregon, United States",36,25
"Bonners Ferry, Idaho, United States",36,23
"Eastvale, California, United States",36,33
"Lynden, Washington, United States",36,27
"Perris, California, United States",36,34
"Provo, Utah, United States",36,24
"Susanville, California, United States",36,23
"The Dalles, Oregon, United States",36,28
"West Covina, California, United States",36,34
"(not set), (not set), Syria",35,12
"Citrus Heights, California, United States",35,29
"Claremont, California, United States",35,34
"Eugene, Oregon, United States",35,26
"La Grande, Oregon, United States",35,21
"Madera, California, United States",35,24
"Oklahoma City, Oklahoma, United States",35,33
"Riyadh, Riyadh Province, Saudi Arabia",35,11
"Shanghai, Shanghai, China",35,29
"Valley Center, California, United States",35,26
"Auburn, California, United States",34,25
"Bengaluru, Karnataka, India",34,19
"Ellensburg, Washington, United States",34,21
"Eureka, Nevada, United States",34,17
"Lakewood, California, United States",34,31
"Morgan Hill, California, United States",34,16
"Nespelem Community, Washington, United States",34,28
"Newport, Oregon, United States",34,21
"Oroville, California, United States",34,14
"San Rafael, California, United States",34,19
"(not set), Michigan, United States",33,23
"(not set), Nebraska, United States",33,19
"Carson, California, United States",33,31
"Hollister, California, United States",33,17
"Inglewood, California, United States",33,23
"Mammoth Lakes, California, United States",33,20
"Montreal, Quebec, Canada",33,35
"Moscow, Moscow, Russia",33,25
"Plano, Texas, United States",33,31
"Prosser, Washington, United States",33,23
"Stockton, California, United States",33,23
"Wellpinit, Washington, United States",33,24
"Avalon, California, United States",32,19
"Boise, Idaho, United States",32,24
"California City, California, United States",32,19
"Eureka, California, United States",32,20
"Glendora, California, United States",32,30
"Grangeville, Idaho, United States",32,20
"Los Alamitos, California, United States",32,30
"Norwalk, California, United States",32,31
"Port Angeles, Washington, United States",32,21
"Redondo Beach, California, United States",32,30
"San Dimas, California, United States",32,29
"Sandpoint, Idaho, United States",32,20
"Seoul, Seoul, South Korea",32,32
"Soledad, California, United States",32,18
"Vancouver, British Columbia, Canada",32,32
"Yakima, Washington, United States",32,19
"(not set), Lima Province, Peru",31,26
"Arvin, California, United States",31,21
"Christmas Valley, Oregon, United States",31,20
"Elko, Nevada, United States",31,19
"Indianapolis, Indiana, United States",31,24
"La Mirada, California, United States",31,29
"Modesto, California, United States",31,20
"Rancho Palos Verdes, California, United States",31,28
"Redding, California, United States",31,23
"Samarkand, (not set), Uzbekistan",31,11
"Tulsa, Oklahoma, United States",31,29
"Twain Harte, California, United States",31,13
"Winnemucca, Nevada, United States",31,24
"(not set), (not set), Canada",30,20
"(not set), Gia Lai, Vietnam",30,9
"Cape Town, Western Cape, South Africa",30,15
"Chewelah, Washington, United States",30,21
"Everett, Washington, United States",30,18
"Fernley, Nevada, United States",30,19
"Fort Collins, Colorado, United States",30,25
"Granite Falls, Washington, United States",30,19
"La Pine, Oregon, United States",30,24
"Lake Havasu City, Arizona, United States",30,18
"Louisville, Kentucky, United States",30,26
"Mesquite, Nevada, United States",30,18
"Olancha, California, United States",30,14
"Pullman, Washington, United States",30,11
"Shelbyville, Tennessee, United States",30,30
"Tulare, California, United States",30,16
"(not set), Bac Ninh, Vietnam",29,11
"(not set), England, United Kingdom",29,17
"(not set), Missouri, United States",29,20
"Calgary, Alberta, Canada",29,24
"Coalinga, California, United States",29,17
"Eatonville, Washington, United States",29,17
"Flint Hill, Virginia, United States",29,29
"Hermosa Beach, California, United States",29,28
"Klamath Falls, Oregon, United States",29,15
"Omak, Washington, United States",29,18
"Porterville, California, United States",29,20
"Red Bluff, California, United States",29,20
"Reedley, California, United States",29,17
"Salinas, California, United States",29,23
"Socorro, New Mexico, United States",29,18
"Tempe, Arizona, United States",29,27
"Twentynine Palms, California, United States",29,20
"Walla Walla, Washington, United States",29,14
"Walnut, California, United States",29,28
"Willits, California, United States",29,15
"(not set), Georgia, United States",28,24
"Avenal, California, United States",28,13
"Butzbach, Hessen, Germany",28,28
"Colfax, Washington, United States",28,17
"Concord, California, United States",28,21
"Covina, California, United States",28,28
"Enumclaw, Washington, United States",28,17
"Fairfield, Washington, United States",28,20
"Idaho Falls, Idaho, United States",28,21
"Omaha, Nebraska, United States",28,22
"Shelby, Montana, United States",28,13
"(not set), (not set), Hong Kong",27,27
"Battle Mountain, Nevada, United States",27,16
"Downey, California, United States",27,24
"Erbil, Erbil Governorate, Iraq",27,16
"Fallbrook, California, United States",27,26
"Fountain Hills, Arizona, United States",27,18
"Kalispell, Montana, United States",27,17
"Ketchum, Idaho, United States",27,18
"Roseburg, Oregon, United States",27,18
"Stockholm, Stockholm County, Sweden",27,27
"Temescal Valley, California, United States",27,23
"Warsaw, Masovian Voivodeship, Poland",27,23
"(not set), Dong Nai, Vietnam",26,6
"Anchorage, Alaska, United States",26,23
"Antioch, California, United States",26,20
"Arbuckle, California, United States",26,15
"Birmingham, Alabama, United States",26,26
"Bremerton, Washington, United States",26,18
"Buon Ma Thuot, Dak Lak, Vietnam",26,8
"Casablanca, Casablanca-Settat, Morocco",26,9
"El Segundo, California, United States",26,22
"Faisalabad, Punjab, Pakistan",26,17
"Green River, Utah, United States",26,13
"Hyderabad, Telangana, India",26,18
"Kuala Lumpur, Federal Territory of Kuala Lumpur, Malaysia",26,15
"Manila, Metro Manila, Philippines",26,20
"Mumbai, Maharashtra, India",26,17
"North Tustin, California, United States",26,24
"Simi Valley, California, United States",26,24
"Taholah, Washington, United States",26,21
"(not set), Dak Lak, Vietnam",25,3
"(not set), Dong Thap, Vietnam",25,6
"Arlington, Oregon, United States",25,15
"Aurora, Colorado, United States",25,20
"Bellflower, California, United States",25,24
"Berlin, Berlin, Germany",25,25
"Cerritos, California, United States",25,24
"Corvallis, Oregon, United States",25,16
"Forest City, North Carolina, United States",25,21
"Glenview, Illinois, United States",25,25
"Laughlin, Nevada, United States",25,16
"Montevideo, Montevideo Department, Uruguay",25,10
"Oak Harbor, Washington, United States",25,16
"Ocean Shores, Washington, United States",25,18
"Orland, California, United States",25,15
"Santa Cruz, California, United States",25,19
"Stayton, Oregon, United States",25,16
"Tillamook, Oregon, United States",25,15
"Watsonville, California, United States",25,17
"Yucca Valley, California, United States",25,19
"(not set), Sichuan, China",24,24
"Brussels, Brussels, Belgium",24,24
"Camp Verde, Arizona, United States",24,18
"Chadron, Nebraska, United States",24,17
"Chengdu, Sichuan, China",24,23
"Chennai, Tamil Nadu, India",24,15
"Colorado Springs, Colorado, United States",24,22
"Detroit, Michigan, United States",24,21
"Englewood, Colorado, United States",24,22
"Enterprise, Oregon, United States",24,13
"Goldendale, Washington, United States",24,14
"Kennewick, Washington, United States",24,14
"Lagos, Lagos, Nigeria",24,13
"Loma Linda, California, United States",24,23
"Lost Hills, California, United States",24,15
"Okanogan, Washington, United States",24,14
"Orem, Utah, United States",24,19
"Overland Park, Kansas, United States",24,20
"Raleigh, North Carolina, United States",24,18
"Santa Maria, California, United States",24,19
"Taft, California, United States",24,13
"Tunis, Tunis Governorate, Tunisia",24,10
"Tyrone, Pennsylvania, United States",24,23
"(not set), Iowa, United States",23,16
"Carbondale, Colorado, United States",23,16
"Carson City, Nevada, United States",23,18
"Castle Rock, Washington, United States",23,16
"Hood River, Oregon, United States",23,12
"Lexington, Kentucky, United States",23,18
"Monroe, Washington, United States",23,14
"Nampa, Idaho, United States",23,20
"Quezon City, Metro Manila, Philippines",23,12
"Vernal, Utah, United States",23,12
"West Mifflin, Pennsylvania, United States",23,23
"(not set), Minnesota, United States",22,12
"(not set), Phu Tho, Vietnam",22,4
"(not set), West Virginia, United States",22,16
"Baldwin Park, California, United States",22,21
"Burney, California, United States",22,13
"Cambria, California, United States",22,12
"Casper, Wyoming, United States",22,14
"Castaic, California, United States",22,12
"Cebu City, Central Visayas, Philippines",22,18
"Corning, California, United States",22,17
"Grapevine, Texas, United States",22,18
"Grass Valley, California, United States",22,13
"Huron, California, United States",22,14
"Manhattan Beach, California, United States",22,21
"Massapequa Park, New York, United States",22,22
"Mattawa, Washington, United States",22,16
"Rancho Mirage, California, United States",22,19
"Raymond, Washington, United States",22,12
"Waverly, Ohio, United States",22,18
"Wildomar, California, United States",22,22
"(not set), New Mexico, United States",21,12
"(not set), Tuyen Quang, Vietnam",21,6
"Alhambra, California, United States",21,21
"Baker, California, United States",21,16
"Duarte, California, United States",21,20
"Dublin, County Dublin, Ireland",21,19
"Durango, Colorado, United States",21,14
"Eau Claire, Wisconsin, United States",21,19
"Fruita, Colorado, United States",21,14
"Greenfield, California, United States",21,13
"Jacksonville, Illinois, United States",21,14
"La Puente, California, United States",21,18
"La Verne, California, United States",21,19
"Lead, South Dakota, United States",21,15
"Lowell, Michigan, United States",21,14
"Montesano, Washington, United States",21,16
"Rawlins, Wyoming, United States",21,10
"Tampa, Florida, United States",21,17
"Thanh Hoa, Thanh Hoa, Vietnam",21,11
"(not set), Hung Yen, Vietnam",20,5
"(not set), Ohio, United States",20,14
"Arcadia, California, United States",20,20
"Baltimore, Maryland, United States",20,18
"Chico, California, United States",20,15
"Esparto, California, United States",20,16
"Flagstaff, Arizona, United States",20,16
"French Valley, California, United States",20,18
"Globe, Arizona, United States",20,14
"Gooding, Idaho, United States",20,11
"Kansas City, Missouri, United States",20,17
"La Quinta, California, United States",20,16
"Livingston, Montana, United States",20,12
"Lone Pine, California, United States",20,12
"Morgan, Utah, United States",20,13
"Pioche, Nevada, United States",20,11
"Portales, New Mexico, United States",20,9
"Stevenson, Washington, United States",20,11
"Sutherlin, Oregon, United States",20,11
"Tonopah, Nevada, United States",20,14
"Woodland, California, United States",20,13
"(not set), Khulna Division, Bangladesh",19,9
"(not set), Maharashtra, India",19,17
"(not set), Nghe An, Vietnam",19,7
"(not set), Wyoming, United States",19,14
"Avondale, Arizona, United States",19,14
"Cleveland, Ohio, United States",19,16
"Davis, California, United States",19,12
"Flower Mound, Texas, United States",19,16
"Frisco, Texas, United States",19,19
"Hardin, Montana, United States",19,11
"Lovelock, Nevada, United States",19,13
"Madras, Oregon, United States",19,14
"Medellin, Antioquia, Colombia",19,7
"Milton Keynes, England, United Kingdom",19,9
"Milwaukee, Wisconsin, United States",19,19
"Monrovia, California, United States",19,15
"Morton, Washington, United States",19,9
"Muju-gun, Jeonbuk State, South Korea",19,18
"New Orleans, Louisiana, United States",19,17
"Oakdale, California, United States",19,14
"Olympia, Washington, United States",19,8
"Oregon City, Oregon, United States",19,7
"Secaucus, New Jersey, United States",19,18
"Sheridan, Wyoming, United States",19,16
"Tijuana, Baja California, Mexico",19,15
"(not set), Al Anbar Governorate, Iraq",18,17
"Azusa, California, United States",18,17
"Beverly Hills, California, United States",18,16
"Bigfork, Montana, United States",18,12
"Brookhaven, New York, United States",18,11
"Buena Vista, Colorado, United States",18,12
"Buenos Aires, Buenos Aires, Argentina",18,7
"Cape Coral, Florida, United States",18,12
"Cedar City, Utah, United States",18,16
"Conyers, Georgia, United States",18,14
"Cortez, Colorado, United States",18,13
"Denton, Texas, United States",18,18
"Dillon, Montana, United States",18,10
"Entiat, Washington, United States",18,7
"Hangzhou, Zhejiang, China",18,8
"Hawthorne, Nevada, United States",18,10
"Highland, California, United States",18,16
"Jacksonville Beach, Florida, United States",18,13
"Lucknow, Uttar Pradesh, India",18,8
"Norco, California, United States",18,18
"Petersburg, Virginia, United States",18,8
"Quito, Pichincha, Ecuador",18,8
"Rincon, Georgia, United States",18,7
"Rosamond, California, United States",18,11
"San Jacinto, California, United States",18,17
"Singapore, Singapore",18,18
"Solon, Ohio, United States",18,18
"Wolverhampton, England, United Kingdom",18,13
"(not set), East Java, Indonesia",17,15
"(not set), Nineveh Governorate, Iraq",17,7
"(not set), Ninh Binh, Vietnam",17,8
"(not set), North Carolina, United States",17,12
"(not set), Wisconsin, United States",17,12
"Artesia, New Mexico, United States",17,9
"Baker City, Oregon, United States",17,9
"Bloomington, Indiana, United States",17,14
"Buckeye, Arizona, United States",17,14
"Caracas, Capital District, Venezuela",17,6
"Columbia Falls, Montana, United States",17,9
"Davao City, Davao Region, Philippines",17,10
"Dorris, California, United States",17,13
"Duchesne, Utah, United States",17,11
"Forks, Washington, United States",17,13
"Front Royal, Virginia, United States",17,11
"Gunnison, Colorado, United States",17,16
"Hacienda Heights, California, United States",17,14
"Hamburg, New York, United States",17,8
"Ivins, Utah, United States",17,11
"Keansburg, New Jersey, United States",17,17
"Lake Isabella, California, United States",17,10
"Melbourne, Victoria, Australia",17,14
"Mendota, California, United States",17,12
"Monterey Park, California, United States",17,16
"Pagosa Springs, Colorado, United States",17,12
"Palo Alto, California, United States",17,17
"Providence, Rhode Island, United States",17,12
"Reedsport, Oregon, United States",17,13
"Richmond Hill, Georgia, United States",17,10
"Solana Beach, California, United States",17,16
"Ukiah, California, United States",17,10
"(not set), An Giang, Vietnam",16,1
"(not set), Lagos, Nigeria",16,16
"(not set), Quang Ninh, Vietnam",16,5
"Akron, Colorado, United States",16,10
"Calipatria, California, United States",16,11
"Carlsbad, New Mexico, United States",16,13
"Chesaning, Michigan, United States",16,12
"Dammam, Eastern Province, Saudi Arabia",16,4
"Dayton, Nevada, United States",16,8
"Durham, North Carolina, United States",16,12
"Exeter, California, United States",16,12
"Galt, California, United States",16,10
"Gloucester Township, New Jersey, United States",16,16
"Hawthorne, California, United States",16,14
"La Mesa, California, United States",16,15
"Lakeview, Oregon, United States",16,10
"Los Banos, California, United States",16,8
"Ocala, Florida, United States",16,12
"Pasco, Washington, United States",16,11
"Poway, California, United States",16,16
"Pune, Maharashtra, India",16,5
"Rupert, Idaho, United States",16,9
"Santee, California, United States",16,16
"Sequim, Washington, United States",16,8
"Slippery Rock, Pennsylvania, United States",16,12
"Soap Lake, Washington, United States",16,6
"Surprise, Arizona, United States",16,14
"Vacaville, California, United States",16,13
"Vancouver, Washington, United States",16,9
"(not set), Khanh Hoa, Vietnam",15,4
"Bangor, Maine, United States",15,5
"Belfast, Northern Ireland, United Kingdom",15,10
"Buffalo, New York, United States",15,12
"Burnaby, British Columbia, Canada",15,15
"Chattogram, Chittagong Division, Bangladesh",15,6
"Colville, Washington, United States",15,10
"Coquille, Oregon, United States",15,10
"Damascus, (not set), Syria",15,5
"Dickinson, North Dakota, United States",15,8
"Farmington, New Mexico, United States",15,10
"Florence, Arizona, United States",15,14
"Folsom, California, United States",15,14
"Fort Lauderdale, Florida, United States",15,15
"Fort Wayne, Indiana, United States",15,11
"Hancock, Michigan, United States",15,12
"Hue, Hue, Vietnam",15,3
"Keene, New Hampshire, United States",15,10
"LaCrosse, Washington, United States",15,7
"Lake Arrowhead, California, United States",15,14
"Longview, Washington, United States",15,12
"Midlothian, Texas, United States",15,15
"Molalla, Oregon, United States",15,7
"Newark, New Jersey, United States",15,13
"Oak Lawn, Illinois, United States",15,15
"Ogden, Utah, United States",15,12
"Ovilla, Texas, United States",15,15
"Prescott Valley, Arizona, United States",15,11
"Redwood Valley, California, United States",15,9
"Richmond, Virginia, United States",15,12
"Rio de Janeiro, State of Rio de Janeiro, Brazil",15,6
"San Jose, San Jose Province, Costa Rica",15,9
"Seal Beach, California, United States",15,13
"Sheboygan, Wisconsin, United States",15,15
"Stevensville, Montana, United States",15,12
"Strongsville, Ohio, United States",15,15
"Three Rivers, Michigan, United States",15,10
"Utrecht, Utrecht, Netherlands",15,11
"Vail, Arizona, United States",15,9
"Villa Grove, Illinois, United States",15,8
"Walnut Creek, California, United States",15,14
"Warden, Washington, United States",15,9
"Washington, Utah, United States",15,12
"Waterflow, New Mexico, United States",15,12
"Wilsonville, Oregon, United States",15,14
"(not set), (not set), France",14,13
"(not set), Chittagong Division, Bangladesh",14,5
"(not set), Dhaka Division, Bangladesh",14,4
"Adams, New York, United States",14,11
"Arnold, California, United States",14,10
"Basrah, Basra Governorate, Iraq",14,4
"Brisbane, Queensland, Australia",14,10
"Cardiff, Wales, United Kingdom",14,12
"Dayton, Washington, United States",14,6
"El Monte, California, United States",14,14
"Glendive, Montana, United States",14,10
"Hampton, Virginia, United States",14,8
"Hudson, Colorado, United States",14,9
"Islamabad, Islamabad Capital Territory, Pakistan",14,8
"Jaipur, Rajasthan, India",14,6
"Marrakesh, Marrakesh-Safi, Morocco",14,6
"McConnelsville, Ohio, United States",14,7
"Menlo Park, California, United States",14,10
"New Haven, Connecticut, United States",14,9
"Paraparaumu, Wellington Region, New Zealand",14,14
"Port Huron, Michigan, United States",14,14
"Redmond, Oregon, United States",14,8
"Saint Petersburg, Saint Petersburg, Russia",14,6
"Savannah, Georgia, United States",14,8
"Tirana, (not set), Albania",14,8
"Tu Son, Bac Ninh, Vietnam",14,1
"Vientiane, Vientiane Prefecture, Laos",14,14
"Wichita Falls, Texas, United States",14,9
"(not set), Babylon Governorate, Iraq",13,3
"(not set), Maryland, United States",13,11
"(not set), Rajshahi Division, Bangladesh",13,5
"Ahmedabad, Gujarat, India",13,4
"Angeles, Central Luzon, Philippines",13,6
"Bangkok, Bangkok, Thailand",13,11
"Banning, California, United States",13,12
"Birmingham, England, United Kingdom",13,10
"Cathedral City, California, United States",13,12
"Clifton, New Jersey, United States",13,13
"Covelo, California, United States",13,8
"Dakar, Dakar Region, Senegal",13,3
"Darien, Georgia, United States",13,9
"Eastsound, Washington, United States",13,7
"Ellijay, Georgia, United States",13,11
"Etna, California, United States",13,8
"Fallon, Nevada, United States",13,8
"Gardiner, Montana, United States",13,7
"Grand Ledge, Michigan, United States",13,7
"Havre, Montana, United States",13,9
"Homeland, California, United States",13,12
"Howell Township, New Jersey, United States",13,13
"Irving, Texas, United States",13,12
"Khimki, Moscow Oblast, Russia",13,12
"La Canada Flintridge, California, United States",13,12
"Lafayette, Indiana, United States",13,7
"Leesburg, Virginia, United States",13,13
"Ludhiana, Punjab, India",13,8
"Manhattan, Kansas, United States",13,10
"Maracaibo, Zulia, Venezuela",13,9
"Marseille, Provence-Alpes-Cote d'Azur, France",13,13
"Mayville, North Dakota, United States",13,8
"Minden, Nebraska, United States",13,8
"Montebello, California, United States",13,11
"Norfolk, Virginia, United States",13,13
"Orondo, Washington, United States",13,7
"Petaluma, California, United States",13,10
"Phnom Penh, Phnom Penh, Cambodia",13,9
"Red Lodge, Montana, United States",13,9
"Richland, Washington, United States",13,7
"Rigby, Idaho, United States",13,9
"Rochester, New Hampshire, United States",13,7
"Salina, Utah, United States",13,9
"Sandy, Oregon, United States",13,8
"Sierra Madre, California, United States",13,13
"Sutter, California, United States",13,10
"Swanzey, New Hampshire, United States",13,9
"Walsenburg, Colorado, United States",13,8
"Williams, Arizona, United States",13,10
"Wittenberg, Wisconsin, United States",13,6
"(not set), (not set), South Korea",12,12
"(not set), Arizona, United States",12,8
"(not set), Kandal Province, Cambodia",12,12
"(not set), New Jersey, United States",12,12
"(not set), Utah, United States",12,9
"Agadir, Souss-Massa, Morocco",12,6
"Alamogordo, New Mexico, United States",12,7
"Amarillo, Texas, United States",12,7
"Ankara, Ankara, Türkiye",12,5
"Auckland, Auckland, New Zealand",12,9
"Baku, Baku, Azerbaijan",12,3
"Beirut, Beirut Governorate, Lebanon",12,6
"Belo Horizonte, State of Minas Gerais, Brazil",12,8
"Butte, Montana, United States",12,6
"Calabasas, California, United States",12,11
"Chattanooga, Tennessee, United States",12,10
"Cheney, Washington, United States",12,8
"Cincinnati, Ohio, United States",12,10
"Clovis, California, United States",12,12
"Coronado, California, United States",12,11
"Edinburgh, Scotland, United Kingdom",12,10
"Edwards, Colorado, United States",12,9
"Emigrant, Montana, United States",12,7
"Forest Grove, Oregon, United States",12,11
"Ghaziabad, Uttar Pradesh, India",12,3
"Greeley, Colorado, United States",12,7
"Hennessey, Oklahoma, United States",12,7
"Homerville, Georgia, United States",12,9
"Ionia, Michigan, United States",12,10
"Isle of Palms, South Carolina, United States",12,5
"Jefferson City, Tennessee, United States",12,8
"Junction City, Oregon, United States",12,8
"Kalaheo, Hawaii, United States",12,9
"La Grange, Kentucky, United States",12,6
"Lakewood, Colorado, United States",12,10
"Lebanon, Oregon, United States",12,8
"Lexington, South Carolina, United States",12,7
"Lincoln, Montana, United States",12,7
"Lincoln City, Oregon, United States",12,7
"Lulea, Norrbotten County, Sweden",12,12
"Madinah, Al Madinah Province, Saudi Arabia",12,4
"Marana, Arizona, United States",12,11
"Meerut, Uttar Pradesh, India",12,3
"Montclair, California, United States",12,11
"Mountain View, California, United States",12,11
"Norwich, England, United Kingdom",12,7
"Ottawa, Ontario, Canada",12,12
"Palatka, Florida, United States",12,6
"Pearland, Texas, United States",12,7
"Pine Mountain, Georgia, United States",12,6
"Pine Ridge, South Dakota, United States",12,10
"Plymouth, England, United Kingdom",12,8
"Point Roberts, Washington, United States",12,8
"Queen Creek, Arizona, United States",12,12
"Salem, Indiana, United States",12,8
"Santiago de Queretaro, Queretaro, Mexico",12,9
"South Whittier, California, United States",12,11
"Stanton, California, United States",12,10
"Swindon, England, United Kingdom",12,6
"Tangier, Tangier-Tetouan-Al Hoceima, Morocco",12,5
"Temple City, California, United States",12,11
"Thornton, Colorado, United States",12,11
"Town 'n' Country, Florida, United States",12,12
"Tucumcari, New Mexico, United States",12,6
"Wichita, Kansas, United States",12,11
"Winter Haven, Florida, United States",12,11
"Yerevan, (not set), Armenia",12,7
"(not set), Central Department, Paraguay",11,3
"(not set), Oklahoma, United States",11,7
"(not set), Quang Ngai, Vietnam",11,3
"(not set), Son La, Vietnam",11,3
"(not set), Xinjiang, China",11,11
"Afton, Wyoming, United States",11,8
"Americus, Georgia, United States",11,8
"Annapolis, Maryland, United States",11,10
"Arvada, Colorado, United States",11,10
"Beatty, Nevada, United States",11,8
"Belle Fourche, South Dakota, United States",11,7
"Big Bear Lake, California, United States",11,10
"Blackstone, Virginia, United States",11,8
"Bloomington, Minnesota, United States",11,9
"Bloomsburg, Pennsylvania, United States",11,8
"Boulder, Colorado, United States",11,10
"Bradenton, Florida, United States",11,8
"Cabot, Arkansas, United States",11,6
"Calamba, Calabarzon, Philippines",11,4
"Carnegie, Pennsylvania, United States",11,11
"City of Industry, California, United States",11,9
"Clinton, North Carolina, United States",11,9
"Cody, Wyoming, United States",11,6
"College Park, Georgia, United States",11,9
"Columbus, Indiana, United States",11,6
"Coshocton, Ohio, United States",11,5
"Decatur, Indiana, United States",11,6
"Eagle Butte, South Dakota, United States",11,7
"Eatonton, Georgia, United States",11,3
"Estes Park, Colorado, United States",11,8
"Galveston, Texas, United States",11,8
"Granby, Colorado, United States",11,5
"Green River, Wyoming, United States",11,8
"Greenville, South Carolina, United States",11,9
"Guadalajara, Jalisco, Mexico",11,4
"Kingston, St. Andrew Parish, Jamaica",11,3
"Kochi, Kerala, India",11,7
"Lafayette, Louisiana, United States",11,10
"Lincolnton, North Carolina, United States",11,7
"Long Xuyen, An Giang, Vietnam",11,4
"Marietta, Georgia, United States",11,9
"Meridian, Idaho, United States",11,10
"Missoula, Montana, United States",11,9
"Orangeburg, South Carolina, United States",11,6
"Phu Quoc, An Giang, Vietnam",11,1
"Pretoria, Gauteng, South Africa",11,3
"Rocky Mount, Virginia, United States",11,3
"Rowland Heights, California, United States",11,10
"Scottsburg, Indiana, United States",11,5
"Shelton, Washington, United States",11,10
"Syracuse, New York, United States",11,11
"Tallahassee, Florida, United States",11,9
"Tbilisi, Tbilisi, Georgia",11,6
"Tolleson, Arizona, United States",11,9
"Trenton, New Jersey, United States",11,11
"Waukesha, Wisconsin, United States",11,9
"West Hollywood, California, United States",11,10
"Westerville, Ohio, United States",11,7
"Westport, Washington, United States",11,7
"Willamina, Oregon, United States",11,7
"Williamston, North Carolina, United States",11,7
"Wolcott, New York, United States",11,7
"Woodcrest, California, United States",11,11
"(not set), (not set), India",10,10
"(not set), Al Batinah South Governorate, Oman",10,10
"(not set), Dhi Qar Governorate, Iraq",10,4
"(not set), Illinois, United States",10,8
"(not set), Louisiana, United States",10,7
"(not set), Quang Tri, Vietnam",10,4
"Addis Ababa, Addis Ababa, Ethiopia",10,0
"Alamosa, Colorado, United States",10,6
"Ann Arbor, Michigan, United States",10,9
"Atlantic City, New Jersey, United States",10,8
"Barcelona, Catalonia, Spain",10,8
"Bedford, Texas, United States",10,10
"Bellevue, Washington, United States",10,10
"Brazzaville, (not set), Congo - Brazzaville",10,2
"Cairo, Cairo Governorate, Egypt",10,5
"Calhoun, Georgia, United States",10,5
"Cali, Valle del Cauca, Colombia",10,4
"Camp Pendleton South, California, United States",10,10
"Campbellsville, Kentucky, United States",10,8
"Canandaigua, New York, United States",10,5
"Canon City, Colorado, United States",10,5
"Canyon, Texas, United States",10,6
"Charleston, South Carolina, United States",10,7
"Chatenay-Malabry, Ile-de-France, France",10,10
"Chestertown, Maryland, United States",10,6
"Clinton, Illinois, United States",10,7
"Cochabamba, Cochabamba Department, Bolivia",10,1
"Compton, California, United States",10,10
"Fitchburg, Massachusetts, United States",10,8
"Goodyear, Arizona, United States",10,9
"Grand Junction, Colorado, United States",10,9
"Grand Terrace, California, United States",10,9
"Gurugram, Haryana, India",10,5
"Hastings, Nebraska, United States",10,6
"Headland, Alabama, United States",10,6
"Helena, Montana, United States",10,7
"Highlands Ranch, Colorado, United States",10,10
"Hung Yen, Hung Yen, Vietnam",10,3
"Idabel, Oklahoma, United States",10,2
"Indore, Madhya Pradesh, India",10,3
"Irkutsk, Irkutsk Oblast, Russia",10,9
"Johns Creek, Georgia, United States",10,4
"Kahului, Hawaii, United States",10,8
"Kaunakakai, Hawaii, United States",10,6
"Lang Son, Lang Son, Vietnam",10,3
"Las Flores, California, United States",10,10
"Managua, Managua, Nicaragua",10,3
"McKinney, Texas, United States",10,9
"Mescalero, New Mexico, United States",10,7
"Metter, Georgia, United States",10,8
"Milan, Lombardy, Italy",10,8
"Morristown, Tennessee, United States",10,7
"Oro Valley, Arizona, United States",10,10
"Osborne, Kansas, United States",10,7
"Piscataway, New Jersey, United States",10,10
"Porto Alegre, State of Rio Grande do Sul, Brazil",10,5
"Prentiss, Mississippi, United States",10,4
"Prescott, Arizona, United States",10,10
"Roscommon, Michigan, United States",10,4
"Roswell, New Mexico, United States",10,7
"Salisbury, North Carolina, United States",10,5
"San Tan Valley, Arizona, United States",10,9
"Santa Anna, Texas, United States",10,7
"Saratoga Springs, New York, United States",10,8
"Slough, England, United Kingdom",10,10
"South Gate, California, United States",10,10
"South Jordan, Utah, United States",10,9
"South Pasadena, California, United States",10,10
"Sparta, Georgia, United States",10,7
"St. George, Utah, United States",10,10
"Surat, Gujarat, India",10,2
"Surrey, British Columbia, Canada",10,9
"Torrington, Wyoming, United States",10,3
"Umatilla, Oregon, United States",10,4
"Valencia, Carabobo, Venezuela",10,3
"Villa Rica, Georgia, United States",10,9
"Virginia Beach, Virginia, United States",10,9
"Wallace, North Carolina, United States",10,4
"Wellington, Colorado, United States",10,5
"West Allis, Wisconsin, United States",10,10
"York, Pennsylvania, United States",10,8
"(not set), British Columbia, Canada",9,7
"(not set), Ceara, Brazil",9,5
"(not set), Kentucky, United States",9,5
"(not set), Lai Chau, Vietnam",9,3
"(not set), Ontario, Canada",9,7
"(not set), Thai Nguyen, Vietnam",9,2
"(not set), Tokyo, Japan",9,9
"Abilene, Kansas, United States",9,7
"Ackerman, Mississippi, United States",9,4
"Arlington, Virginia, United States",9,9
"Banguntapan, Special Region of Yogyakarta, Indonesia",9,7
"Batesville, Indiana, United States",9,6
"Baton Rouge, Louisiana, United States",9,9
"Beckley, West Virginia, United States",9,6
"Ben Cat, Binh Duong, Vietnam",9,4
"Berkeley, California, United States",9,9
"Billings, Montana, United States",9,7
"Bonham, Texas, United States",9,5
"Bozeman, Montana, United States",9,8
"Brunswick, Ohio, United States",9,6
"Bucharest, Bucharest, Romania",9,9
"Camarillo, California, United States",9,8
"Camp Pendleton North, California, United States",9,9
"Campinas, State of Sao Paulo, Brazil",9,4
"Carnot-Moon, Pennsylvania, United States",9,8
"Castle Rock, Colorado, United States",9,7
"Catalina Foothills, Arizona, United States",9,9
"Charleston, Maine, United States",9,5
"Clewiston, Florida, United States",9,7
"Clinton, Connecticut, United States",9,6
"Cologne, North Rhine-Westphalia, Germany",9,9
"Columbia City, Indiana, United States",9,5
"Copenhagen, Capital Region of Denmark, Denmark",9,9
"Crestline, California, United States",9,9
"Dalat, Lam Dong, Vietnam",9,3
"Daytona Beach, Florida, United States",9,4
"Fargo, North Dakota, United States",9,7
"Florissant, Missouri, United States",9,7
"Fort Bragg, California, United States",9,6
"Gretna, Virginia, United States",9,6
"Ha Long, Quang Ninh, Vietnam",9,2
"Hendersonville, North Carolina, United States",9,6
"Humboldt, Tennessee, United States",9,5
"Jefferson, Ohio, United States",9,9
"Kathmandu, Bagmati Province, Nepal",9,7
"La Palma, California, United States",9,8
"Lanai City, Hawaii, United States",9,5
"Lansing, Michigan, United States",9,7
"Libreville, Estuaire, Gabon",9,4
"Manama, Capital Governorate, Bahrain",9,7
"Manning, South Carolina, United States",9,6
"Memphis, Tennessee, United States",9,9
"Miami Beach, Florida, United States",9,6
"Myrtle Beach, South Carolina, United States",9,5
"Narayanganj, Dhaka Division, Bangladesh",9,3
"New Delhi, Delhi Division, India",9,5
"Newcastle upon Tyne, England, United Kingdom",9,3
"Onaway, Michigan, United States",9,6
"Oswego, New York, United States",9,5
"Panama City, (not set), Panama",9,5
"Payson, Arizona, United States",9,6
"Pewaukee, Wisconsin, United States",9,9
"Phuc Yen, Vinh Phuc, Vietnam",9,4
"Rach Gia, An Giang, Vietnam",9,4
"Rangsit, Pathum Thani, Thailand",9,9
"Remington, Indiana, United States",9,6
"Rohnert Park, California, United States",9,7
"Salvador, State of Bahia, Brazil",9,2
"Santa Fe Springs, California, United States",9,9
"Sidney, Nebraska, United States",9,5
"Taguig, Metro Manila, Philippines",9,3
"Truth or Consequences, New Mexico, United States",9,8
"Wagoner, Oklahoma, United States",9,7
"Warrens, Wisconsin, United States",9,6
"Westland, Michigan, United States",9,8
"Yekaterinburg, Sverdlovsk Oblast, Russia",9,8
"California, United States",8,7
"(not set), (not set), Nepal",8,3
"(not set), Ca Mau, Vietnam",8,1
"(not set), Dakar Region, Senegal",8,1
"(not set), Orenburg Oblast, Russia",8,8
"(not set), Punjab, Pakistan",8,5
"Allentown, Pennsylvania, United States",8,7
"Almaty, Almaty Region, Kazakhstan",8,3
"Antlers, Oklahoma, United States",8,7
"Arlington, Texas, United States",8,8
"Athens, Texas, United States",8,4
"Avon, Colorado, United States",8,5
"Bac Giang, Bac Giang, Vietnam",8,3
"Balashikha, Moscow Oblast, Russia",8,7
"Bandung, West Java, Indonesia",8,4
"Beaverton, Oregon, United States",8,6
"Bien Hoa, Dong Nai, Vietnam",8,2
"Birigui, State of Sao Paulo, Brazil",8,5
"Bountiful, Utah, United States",8,8
"Bridgeport, Connecticut, United States",8,7
"Buchanan, Georgia, United States",8,5
"Burley, Idaho, United States",8,4
"Cairo, Georgia, United States",8,4
"Canajoharie, New York, United States",8,4
"Castroville, Texas, United States",8,3
"Conroe, Texas, United States",8,8
"Corinth, Texas, United States",8,8
"Cuba, Missouri, United States",8,5
"Cupertino, California, United States",8,8
"Daly City, California, United States",8,6
"Danbury, Connecticut, United States",8,5
"Dasmarinas, Calabarzon, Philippines",8,3
"Dimmitt, Texas, United States",8,6
"Douglas, Wyoming, United States",8,4
"Elk Grove Village, Illinois, United States",8,8
"Florence, Alabama, United States",8,7
"Florence, Oregon, United States",8,4
"Fredericksburg, Virginia, United States",8,7
"French Lick, Indiana, United States",8,5
"Gainesville, Florida, United States",8,7
"Gallipolis, Ohio, United States",8,6
"Grand Lake, Colorado, United States",8,3
"Guayaquil, Guayas, Ecuador",8,5
"Harlingen, Texas, United States",8,6
"Hendersonville, Tennessee, United States",8,6
"Joes, Colorado, United States",8,4
"Junction City, Kansas, United States",8,4
"Kamas, Utah, United States",8,5
"Kansas City, Kansas, United States",8,7
"Ken Caryl, Colorado, United States",8,8
"Key West, Florida, United States",8,5
"Kilmarnock, Virginia, United States",8,6
"Kingman, Arizona, United States",8,7
"Knoxville, Tennessee, United States",8,8
"Kolkata, West Bengal, India",8,3
"Konya, Konya, Türkiye",8,4
"Lakeside, California, United States",8,7
"Las Cruces, New Mexico, United States",8,6
"Laurel, Mississippi, United States",8,4
"Le Mars, Iowa, United States",8,5
"Lincoln, Illinois, United States",8,4
"Longmont, Colorado, United States",8,7
"Macon, Missouri, United States",8,7
"Madisonville, Tennessee, United States",8,4
"Magee, Mississippi, United States",8,7
"Miami, Oklahoma, United States",8,7
"Middlefield, Ohio, United States",8,5
"Mohave Valley, Arizona, United States",8,5
"Munich, Bavaria, Germany",8,6
"Murphy, North Carolina, United States",8,5
"Naberezhnye Chelny, Republic of Tatarstan, Russia",8,8
"Nantucket, Massachusetts, United States",8,6
"Napa, California, United States",8,6
"Norwalk, Connecticut, United States",8,7
"Oakville, Ontario, Canada",8,7
"Olathe, Kansas, United States",8,6
"Perry, Michigan, United States",8,4
"Petersburg, West Virginia, United States",8,4
"Phan Rang–Thap Cham, Ninh Thuan, Vietnam",8,6
"Phan Thiet, Binh Thuan, Vietnam",8,4
"Phan Thiet, Lam Dong, Vietnam",8,4
"Portland, Maine, United States",8,7
"Redwood City, California, United States",8,8
"Rexburg, Idaho, United States",8,6
"Rock Hill, South Carolina, United States",8,6
"Rocklin, California, United States",8,8
"Rumford, Maine, United States",8,6
"Russell Springs, Kentucky, United States",8,5
"Saint Paul, Minnesota, United States",8,8
"Salome, Arizona, United States",8,5
"San Ramon, California, United States",8,8
"Santa Fe, New Mexico, United States",8,7
"Sharjah, Sharjah, United Arab Emirates",8,3
"Shreveport, Louisiana, United States",8,4
"Soc Trang, Soc Trang, Vietnam",8,3
"South Burlington, Vermont, United States",8,6
"Sparta, Illinois, United States",8,6
"St. Petersburg, Florida, United States",8,8
"Story, Wyoming, United States",8,5
"Tel Aviv-Yafo, Tel Aviv District, Israel",8,5
"Trumann, Arkansas, United States",8,2
"Tysons, Virginia, United States",8,8
"Warsaw, Indiana, United States",8,5
"West Palm Beach, Florida, United States",8,6
"Wheaton, Illinois, United States",8,7
"Winchester, Kentucky, United States",8,5
"(not set), (not set), Romania",7,6
"(not set), (not set), Spain",7,7
"(not set), Diyala Governorate, Iraq",7,1
"(not set), Karbala Governorate, Iraq",7,2
"(not set), Kirkuk Governorate, Iraq",7,0
"(not set), Maysan Governorate, Iraq",7,4
"(not set), Tennessee, United States",7,6
"86941, Bavaria, Germany",7,7
"Alexandria, Virginia, United States",7,7
"Altadena, California, United States",7,6
"Altoona, Iowa, United States",7,7
"Arlington Heights, Illinois, United States",7,7
"Artesia, California, United States",7,7
"Athens, Georgia, United States",7,6
"Bac Giang, Bac Ninh, Vietnam",7,4
"Bacolod, Western Visayas, Philippines",7,6
"Beijing, Beijing, China",7,7
"Bhopal, Madhya Pradesh, India",7,2
"Bloomington, California, United States",7,7
"Bottineau, North Dakota, United States",7,4
"Boydton, Virginia, United States",7,4
"Brandon, Florida, United States",7,4
"Burlington, Vermont, United States",7,6
"Cabo San Lucas, Baja California Sur, Mexico",7,3
"Carmel, Indiana, United States",7,5
"Casas Adobes, Arizona, United States",7,6
"Chesterfield, Missouri, United States",7,5
"Columbia, South Carolina, United States",7,7
"Coppell, Texas, United States",7,6
"Crested Butte, Colorado, United States",7,6
"Dahlgren, Virginia, United States",7,2
"Danville, Vermont, United States",7,5
"Doha, Doha Municipality, Qatar",7,5
"Dublin, California, United States",7,7
"Dusseldorf, North Rhine-Westphalia, Germany",7,5
"East Liverpool, Ohio, United States",7,3
"Eastland, Texas, United States",7,5
"Edmonton, Alberta, Canada",7,7
"Egypt Lake-Leto, Florida, United States",7,7
"Elgin, Illinois, United States",7,7
"Elkins, West Virginia, United States",7,2
"Elmira, New York, United States",7,2
"Enid, Oklahoma, United States",7,6
"Erie, Pennsylvania, United States",7,7
"Exmore, Virginia, United States",7,2
"Fes, Fez-Meknes, Morocco",7,3
"Gardena, California, United States",7,7
"Gorham, New Hampshire, United States",7,5
"Grand Rapids, Michigan, United States",7,6
"Greenville, Ohio, United States",7,3
"Greer, South Carolina, United States",7,6
"Guarulhos, State of Sao Paulo, Brazil",7,4
"Hamilton, Missouri, United States",7,2
"Havana, Florida, United States",7,3
"Hayward, California, United States",7,5
"Hialeah Gardens, Florida, United States",7,6
"Hill City, South Dakota, United States",7,4
"Hindman, Kentucky, United States",7,4
"Hollywood, Florida, United States",7,7
"Horn Lake, Mississippi, United States",7,5
"Howard City, Michigan, United States",7,4
"Hyden, Kentucky, United States",7,3
"Inglis, Florida, United States",7,5
"Ithaca, New York, United States",7,7
"Jackson, Wyoming, United States",7,6
"Kyiv, Kyiv city, Ukraine",7,5
"La Junta, Colorado, United States",7,3
"Leander, Texas, United States",7,6
"Leeds, England, United Kingdom",7,5
"Little Rock, Arkansas, United States",7,7
"Livingston, Alabama, United States",7,6
"Lome, Maritime Region, Togo",7,5
"Los Alamos, New Mexico, United States",7,6
"Los Gatos, California, United States",7,6
"Malvern, Arkansas, United States",7,3
"Marion, Kansas, United States",7,6
"Martin, Tennessee, United States",7,4
"Marysville, Ohio, United States",7,5
"Mason, Ohio, United States",7,7
"Meridian, Texas, United States",7,1
"Mexicali, Baja California, Mexico",7,5
"Midland, Michigan, United States",7,4
"Mississauga, Ontario, Canada",7,7
"Montgomery, Alabama, United States",7,6
"Mount Airy, North Carolina, United States",7,6
"My Tho, Tien Giang, Vietnam",7,4
"Najaf, Najaf Governorate, Iraq",7,2
"Naperville, Illinois, United States",7,6
"Natchez, Mississippi, United States",7,5
"New Hampton, Iowa, United States",7,4
"Northbrook, Illinois, United States",7,5
"Oneida, Tennessee, United States",7,4
"Owenton, Kentucky, United States",7,5
"Owosso, Michigan, United States",7,6
"Palm Coast, Florida, United States",7,6
"Pasadena, Texas, United States",7,3
"Pennsville Township, New Jersey, United States",7,4
"Pentwater, Michigan, United States",7,6
"Pipestone, Minnesota, United States",7,4
"Pleasanton, California, United States",7,7
"Pocahontas, Arkansas, United States",7,5
"Radford, Virginia, United States",7,6
"Rancho San Diego, California, United States",7,7
"Rice, Minnesota, United States",7,3
"Richmond, California, United States",7,7
"Rome, Lazio, Italy",7,6
"Rosemead, California, United States",7,7
"Round Rock, Texas, United States",7,7
"Sahuarita, Arizona, United States",7,7
"Salida, Colorado, United States",7,6
"San Gabriel, California, United States",7,7
"Santo Domingo Este, Santo Domingo Province, Dominican Republic",7,2
"Seeb, Muscat Governorate, Oman",7,3
"Seneca, South Carolina, United States",7,3
"Spirit Lake, Iowa, United States",7,5
"Standish, Michigan, United States",7,2
"Sumter, South Carolina, United States",7,4
"Surabaya, East Java, Indonesia",7,1
"Thanh Vinh, Nghe An, Vietnam",7,2
"Vallejo, California, United States",7,7
"Valrico, Florida, United States",7,5
"Vaughan, Ontario, Canada",7,6
"Viet Tri, Phu Tho, Vietnam",7,2
"Vinh, Nghe An, Vietnam",7,3
"Vung Tau, Ba Ria - Vung Tau, Vietnam",7,0
"Warrensburg, Missouri, United States",7,4
"Warrenton, Missouri, United States",7,2
"Wellston, Oklahoma, United States",7,3
"Weslaco, Texas, United States",7,6
"Westminster, Colorado, United States",7,5
"Whitefish, Montana, United States",7,6
"Whitehall, Michigan, United States",7,4
"Williamsburg, Virginia, United States",7,6
"Wilmington, North Carolina, United States",7,6
"(not set), Calabarzon, Philippines",6,4
"(not set), Duhok Governorate, Iraq",6,3
"(not set), Ha Tinh, Vietnam",6,2
"(not set), Kerala, India",6,1
"(not set), Koshi Province, Nepal",6,1
"(not set), Krasnodar Krai, Russia",6,6
"(not set), Massachusetts, United States",6,6
"(not set), Meru County, Kenya",6,5
"(not set), Mymensingh Division, Bangladesh",6,3
"(not set), Riyadh Province, Saudi Arabia",6,6
"(not set), State of Bahia, Brazil",6,4
"(not set), State of Mexico, Mexico",6,3
"(not set), State of Minas Gerais, Brazil",6,6
"(not set), State of Rio Grande do Sul, Brazil",6,3
"(not set), Sylhet Division, Bangladesh",6,5
"(not set), Taipei City, Taiwan",6,5
"Aarhus, Central Denmark Region, Denmark",6,5
"Abu Dhabi, Abu Dhabi, United Arab Emirates",6,3
"Adelaide, South Australia, Australia",6,5
"Agra, Uttar Pradesh, India",6,4
"Aguascalientes, Aguascalientes, Mexico",6,2
"Akron, Ohio, United States",6,6
"Albany, New York, United States",6,4
"Alexandria, Alexandria Governorate, Egypt",6,2
"Algiers, Algiers Province, Algeria",6,3
"An Nhon, Gia Lai, Vietnam",6,0
"Anderson, South Carolina, United States",6,3
"Ankeny, Iowa, United States",6,5
"Athens, Ohio, United States",6,2
"Bac Ninh, Bac Ninh, Vietnam",6,3
"Bacoor, Calabarzon, Philippines",6,4
"Barnstable, Massachusetts, United States",6,3
"Beaufort, South Carolina, United States",6,2
"Belen, New Mexico, United States",6,4
"Ben Tre, Ben Tre, Vietnam",6,4
"Benkelman, Nebraska, United States",6,4
"Bhubaneswar, Odisha, India",6,3
"Boca Raton, Florida, United States",6,4
"Bradford, Pennsylvania, United States",6,3
"Bristow, Oklahoma, United States",6,2
"Ca Mau, Ca Mau, Vietnam",6,4
"Cagayan De Oro City, Northern Mindanao, Philippines",6,4
"Calimesa, California, United States",6,6
"Camden, Tennessee, United States",6,4
"Camdenton, Missouri, United States",6,3
"Canadian, Texas, United States",6,4
"Canyon Lake, California, United States",6,5
"Carbondale, Illinois, United States",6,4
"Carmichael, California, United States",6,6
"Carrollton, Texas, United States",6,6
"Castro Valley, California, United States",6,6
"Centennial, Colorado, United States",6,4
"Central City, Nebraska, United States",6,5
"Cheyenne Wells, Colorado, United States",6,4
"Clarendon, Texas, United States",6,4
"Coimbatore, Tamil Nadu, India",6,2
"College Station, Texas, United States",6,5
"Commerce, California, United States",6,5
"Cornelius, North Carolina, United States",6,6
"Cottonwood Heights, Utah, United States",6,6
"Cullman, Alabama, United States",6,6
"Curitiba, State of Parana, Brazil",6,1
"Dalhart, Texas, United States",6,5
"Deming, New Mexico, United States",6,3
"Depok, West Java, Indonesia",6,2
"Djong Hoi, Quang Binh, Vietnam",6,3
"Eagle Grove, Iowa, United States",6,4
"Ecatepec de Morelos, State of Mexico, Mexico",6,1
"El Sobrante, California, United States",6,6
"Evans, Colorado, United States",6,6
"Fernandina Beach, Florida, United States",6,6
"Flint, Michigan, United States",6,4
"Florence, South Carolina, United States",6,6
"Fort Gregg-Adams, Virginia, United States",6,4
"Foster City, California, United States",6,5
"Galesburg, Illinois, United States",6,4
"Galion, Ohio, United States",6,3
"Gazipur, Dhaka Division, Bangladesh",6,1
"Geneseo, Illinois, United States",6,5
"Georgetown, Kentucky, United States",6,4
"Georgetown, Texas, United States",6,6
"Glasgow, Scotland, United Kingdom",6,6
"Glenwood City, Wisconsin, United States",6,6
"Greensboro, North Carolina, United States",6,6
"Greenville, Pennsylvania, United States",6,3
"Grove, Oklahoma, United States",6,5
"Hai Duong, Hai Duong, Vietnam",6,2
"Hamilton, Ontario, Canada",6,5
"Hartford, Connecticut, United States",6,6
"Haxtun, Colorado, United States",6,3
"Hewitt, Texas, United States",6,3
"Huntington Park, California, United States",6,4
"Huntsville, Alabama, United States",6,5
"Idyllwild-Pine Cove, California, United States",6,4
"Jersey City, New Jersey, United States",6,5
"Jonesboro, Arkansas, United States",6,3
"Joshua Tree, California, United States",6,5
"Kanawha, Iowa, United States",6,5
"Keller, Texas, United States",6,6
"Kingsville, Texas, United States",6,3
"Kota, Rajasthan, India",6,1
"La Presa, California, United States",6,6
"Lakeland Village, California, United States",6,6
"Lebanon, Tennessee, United States",6,5
"Lehi, Utah, United States",6,5
"Lille, Hauts-de-France, France",6,6
"Lincoln, Nebraska, United States",6,6
"Lindsborg, Kansas, United States",6,5
"Lipa City, Calabarzon, Philippines",6,2
"Livermore, California, United States",6,6
"Livingston, New York, United States",6,6
"Luling, Texas, United States",6,6
"Madison, Wisconsin, United States",6,6
"Malang, East Java, Indonesia",6,1
"Manteca, California, United States",6,6
"Maricopa, Arizona, United States",6,5
"Marina del Rey, California, United States",6,5
"Marinette, Wisconsin, United States",6,1
"Mayodan, North Carolina, United States",6,3
"McCamey, Texas, United States",6,4
"Mead Valley, California, United States",6,6
"Mendota, Illinois, United States",6,3
"Mesick, Michigan, United States",6,6
"Metropolis, Illinois, United States",6,2
"Millcreek, Utah, United States",6,5
"Milpitas, California, United States",6,6
"Minato City, Tokyo, Japan",6,6
"Monterrey, Nuevo Leon, Mexico",6,4
"Mount Pleasant, Utah, United States",6,4
"Mountain City, Tennessee, United States",6,2
"Muscat, Muscat Governorate, Oman",6,3
"Nablus, Nablus, Palestine",6,3
"Nam Dinh, Ninh Binh, Vietnam",6,4
"Nha Trang, Khanh Hoa, Vietnam",6,1
"Nizhny Novgorod, Nizhny Novgorod Oblast, Russia",6,4
"North Adams, Massachusetts, United States",6,4
"North Bethesda, Maryland, United States",6,6
"North Olmsted, Ohio, United States",6,6
"O'Fallon, Missouri, United States",6,6
"Ojai, California, United States",6,4
"Oxford, Ohio, United States",6,6
"Ozark, Alabama, United States",6,4
"Palm Bay, Florida, United States",6,4
"Parker, Colorado, United States",6,5
"Pasig, Metro Manila, Philippines",6,4
"Pendleton, Indiana, United States",6,5
"Phan Rang, Khanh Hoa, Vietnam",6,2
"Pico Rivera, California, United States",6,6
"Pinedale, Wyoming, United States",6,4
"Pittsfield, Illinois, United States",6,4
"Plymouth, Massachusetts, United States",6,5
"Pompano Beach, Florida, United States",6,4
"Prosper, Texas, United States",6,6
"Qingdao, Shandong, China",6,5
"Ramona, California, United States",6,6
"Ranchos de Taos, New Mexico, United States",6,2
"Rapid City, South Dakota, United States",6,6
"Rawalpindi, Punjab, Pakistan",6,2
"Riverton, Wyoming, United States",6,4
"Roanoke Rapids, North Carolina, United States",6,6
"Rochester, Minnesota, United States",6,4
"Rockford, Illinois, United States",6,6
"Rockport, Massachusetts, United States",6,5
"Rolling Fork, Mississippi, United States",6,5
"San Diego Country Estates, California, United States",6,6
"Sandusky, Ohio, United States",6,4
"Sanford, North Carolina, United States",6,4
"Santa Claus, Indiana, United States",6,4
"Schaumburg, Illinois, United States",6,6
"Sfax, Sfax Governorate, Tunisia",6,1
"Shenzhen, Guangdong Province, China",6,5
"Sidney, Montana, United States",6,2
"Smith Center, Kansas, United States",6,3
"Son Tay, Hanoi, Vietnam",6,0
"Soweto, Gauteng, South Africa",6,4
"Steamboat Springs, Colorado, United States",6,4
"Swansboro, North Carolina, United States",6,5
"Tan An, Long An, Vietnam",6,3
"Tangerang, Banten, Indonesia",6,4
"Taos, New Mexico, United States",6,3
"Tiffin, Ohio, United States",6,5
"Troy, North Carolina, United States",6,6
"Tyler, Texas, United States",6,3
"Union Point, Georgia, United States",6,3
"Vadodara, Gujarat, India",6,1
"Vienna, Vienna, Austria",6,4
"Vincennes, Indiana, United States",6,4
"Vinita, Oklahoma, United States",6,5
"Walnut Ridge, Arkansas, United States",6,4
"Wapakoneta, Ohio, United States",6,6
"Warsaw, Missouri, United States",6,3
"Waxhaw, North Carolina, United States",6,4
"Wellington, Wellington Region, New Zealand",6,5
"West Chester, Pennsylvania, United States",6,6
"Westlake, Texas, United States",6,5
"Worcester, Massachusetts, United States",6,5
"Wyldwood, Texas, United States",6,3
"Zapopan, Jalisco, Mexico",6,1
"(not set), (not set), Bangladesh",5,5
"(not set), (not set), Seychelles",5,4
"(not set), Cao Bang, Vietnam",5,1
"(not set), Central Java, Indonesia",5,3
"(not set), Eastern Visayas, Philippines",5,5
"(not set), Kaliningrad Oblast, Russia",5,5
"(not set), Lima Region, Peru",5,5
"(not set), Mississippi, United States",5,1
"(not set), Moscow Oblast, Russia",5,3
"(not set), North Sumatra, Indonesia",5,5
"(not set), State of Sao Paulo, Brazil",5,5
"(not set), West Java, Indonesia",5,2
"96272, Gorontalo, Indonesia",5,4
"Abakan, Republic of Khakassia, Russia",5,5
"Aberdeen, South Dakota, United States",5,5
"Adana, Adana, Türkiye",5,0
"Agoura Hills, California, United States",5,5
"Al Ain, Abu Dhabi, United Arab Emirates",5,4
"Aliceville, Alabama, United States",5,3
"Allen, Texas, United States",5,4
"Altavista, Virginia, United States",5,2
"Aracaju, State of Sergipe, Brazil",5,0
"Arden-Arcade, California, United States",5,5
"Asuncion, Asuncion, Paraguay",5,2
"Bagley, Minnesota, United States",5,1
"Baku, (not set), Azerbaijan",5,2
"Baldwin, Wisconsin, United States",5,5
"Barranquilla, Atlantico, Colombia",5,2
"Bath, Maine, United States",5,3
"Bedford, England, United Kingdom",5,1
"Bell, California, United States",5,4
"Benton, Illinois, United States",5,4
"Bim Son, Thanh Hoa, Vietnam",5,1
"Blue Earth, Minnesota, United States",5,5
"Bluffton, Ohio, United States",5,4
"Bothell, Washington, United States",5,5
"Brasilia, Federal District, Brazil",5,2
"Brentwood, California, United States",5,5
"Broomfield, Colorado, United States",5,5
"Bucksport, Maine, United States",5,3
"Budapest, Budapest, Hungary",5,5
"Bursa, Bursa, Türkiye",5,3
"Burzaco, Buenos Aires Province, Argentina",5,1
"Caloocan, Metro Manila, Philippines",5,2
"Calvillo, Aguascalientes, Mexico",5,2
"Carmel Hamlet, New York, United States",5,3
"Cartersville, Georgia, United States",5,3
"Celina, Texas, United States",5,4
"Charleston, West Virginia, United States",5,4
"Charlevoix, Michigan, United States",5,4
"Chatham, Illinois, United States",5,5
"Chihuahua, Chihuahua, Mexico",5,4
"Christchurch, Canterbury Region, New Zealand",5,5
"Ciudad del Este, Alto Parana Department, Paraguay",5,1
"Clarion, Pennsylvania, United States",5,4
"Clarksburg, West Virginia, United States",5,2
"Clarksville, Arkansas, United States",5,4
"Cleveland Heights, Ohio, United States",5,4
"Coalgate, Oklahoma, United States",5,2
"Cobleskill, New York, United States",5,4
"Colby, Kansas, United States",5,5
"Coldwater, Michigan, United States",5,3
"Cook, Minnesota, United States",5,2
"Corpus Christi, Texas, United States",5,5
"Corrientes, Corrientes Province, Argentina",5,3
"Council Grove, Kansas, United States",5,3
"Crystal Falls, Michigan, United States",5,3
"Cumilla, Chittagong Division, Bangladesh",5,2
"Dallas, Pennsylvania, United States",5,3
"Dalton, Georgia, United States",5,3
"Danville, Illinois, United States",5,4
"DeKalb, Illinois, United States",5,5
"Delaware, Ohio, United States",5,3
"Dong Xoai, Binh Phuoc, Vietnam",5,2
"Dover-Foxcroft, Maine, United States",5,4
"Downers Grove, Illinois, United States",5,6
"Dumont, Iowa, United States",5,3
"East Cobb, Georgia, United States",5,5
"Eaton Rapids, Michigan, United States",5,3
"Ebensburg, Pennsylvania, United States",5,5
"Edison, New Jersey, United States",5,4
"Edmond, Oklahoma, United States",5,5
"El Dorado Hills, California, United States",5,4
"Ensenada, Baja California, Mexico",5,4
"Eureka, Kansas, United States",5,3
"Evansville, Indiana, United States",5,4
"Fairfield, Texas, United States",5,3
"Fenton, Missouri, United States",5,3
"Fort Myers, Florida, United States",5,5
"Freer, Texas, United States",5,2
"Gaborone, (not set), Botswana",5,2
"Gallatin, Tennessee, United States",5,5
"Georgetown, Colorado, United States",5,3
"Goleta, California, United States",5,5
"Greenfield, Massachusetts, United States",5,3
"Guayana City, Bolivar, Venezuela",5,3
"Gujranwala, Punjab, Pakistan",5,1
"Guymon, Oklahoma, United States",5,2
"Halifax, Nova Scotia, Canada",5,5
"Hampstead, Maryland, United States",5,4
"Hampton, South Carolina, United States",5,2
"Hartsville, South Carolina, United States",5,3
"Hartwell, Georgia, United States",5,5
"Haverhill, Massachusetts, United States",5,5
"Hazard, Kentucky, United States",5,5
"Hemingford, Nebraska, United States",5,4
"Hillsboro, Oregon, United States",5,5
"Hillsboro, Texas, United States",5,2
"Hillsville, Virginia, United States",5,4
"Hilton Head Island, South Carolina, United States",5,5
"Hodgenville, Kentucky, United States",5,3
"Hoi An, Quang Nam, Vietnam",5,1
"Hoisington, Kansas, United States",5,5
"Imperial, California, United States",5,5
"Indian Wells, California, United States",5,5
"Irwindale, California, United States",5,5
"Issaquah, Washington, United States",5,5
"Iuka, Mississippi, United States",5,4
"Jackson, Georgia, United States",5,3
"Jalandhar, Punjab, India",5,2
"Jasper, Florida, United States",5,3
"Jerusalem, Jerusalem District, Israel",5,3
"Joao Pessoa, State of Paraiba, Brazil",5,1
"Joinville, State of Santa Catarina, Brazil",5,3
"Jonestown, Texas, United States",5,5
"Kajang, Selangor, Malaysia",5,4
"Kanpur, Uttar Pradesh, India",5,3
"Kazan, Republic of Tatarstan, Russia",5,5
"Kelowna, British Columbia, Canada",5,5
"Kempton Park, Gauteng, South Africa",5,0
"Key Largo, Florida, United States",5,2
"Kitchener, Ontario, Canada",5,4
"La Paz, La Paz Department, Bolivia",5,0
"Ladysmith, Wisconsin, United States",5,3
"Lafayette, California, United States",5,5
"Laie, Hawaii, United States",5,4
"Las Vegas, New Mexico, United States",5,5
"Lincoln, New Hampshire, United States",5,2
"Linthicum Heights, Maryland, United States",5,5
"Littlefield, Texas, United States",5,4
"Logan, Utah, United States",5,4
"Loretto, Tennessee, United States",5,4
"Loveland, Colorado, United States",5,4
"Luton, England, United Kingdom",5,1
"Lynn, Massachusetts, United States",5,5
"Makassar, South Sulawesi, Indonesia",5,2
"Malibu, California, United States",5,5
"Manchester, England, United Kingdom",5,3
"March Air Reserve Base, California, United States",5,4
"Marion, Alabama, United States",5,1
"Mellen, Wisconsin, United States",5,4
"Merida, Yucatan, Mexico",5,3
"Middletown, Connecticut, United States",5,3
"Midvale, Idaho, United States",5,3
"Midvale, Utah, United States",5,5
"Multan, Punjab, Pakistan",5,2
"Nam Djinh, Nam Dinh, Vietnam",5,3
"Nanticoke, Pennsylvania, United States",5,2
"Nashville, Georgia, United States",5,3
"Natural Heritage Area Trang, Khanh Hoa, Vietnam",5,3
"Navi Mumbai, Maharashtra, India",5,3
"Orient, New York, United States",5,5
"Oslo Municipality, Oslo, Norway",5,3
"Palos Verdes Estates, California, United States",5,4
"Parker, South Dakota, United States",5,3
"Pearl City, Hawaii, United States",5,3
"Pella, Iowa, United States",5,3
"Perry, Oklahoma, United States",5,3
"Petah Tikva, Center District, Israel",5,2
"Pickens, South Carolina, United States",5,4
"Plainville, Kansas, United States",5,3
"Post Falls, Idaho, United States",5,4
"Price, Utah, United States",5,2
"Princeton, New Jersey, United States",5,5
"Quartzsite, Arizona, United States",5,3
"Quincy, Florida, United States",5,4
"Redmond, Washington, United States",5,5
"Regina, Saskatchewan, Canada",5,5
"Richardson, Texas, United States",5,5
"Robinson, Illinois, United States",5,3
"Rogers, Arkansas, United States",5,4
"Ryazan, Ryazan Oblast, Russia",5,5
"Sale, Rabat-Sale-Kenitra, Morocco",5,2
"Salem, Arkansas, United States",5,3
"Salzgitter, Lower Saxony, Germany",5,3
"San Jose del Monte, Central Luzon, Philippines",5,2
"Sandton, Gauteng, South Africa",5,2
"Sandy, Utah, United States",5,4
"Santa Cruz De La Sierra, Santa Cruz Department, Bolivia",5,2
"Santiago De Los Caballeros, (not set), Dominican Republic",5,1
"Sebewaing, Michigan, United States",5,3
"Sedona, Arizona, United States",5,5
"Selma, Alabama, United States",5,2
"Shelby, North Carolina, United States",5,4
"Shinjuku City, Tokyo, Japan",5,3
"Sialkot, Punjab, Pakistan",5,3
"Silver City, New Mexico, United States",5,5
"Sofia, Sofia, Bulgaria",5,3
"South Haven, Michigan, United States",5,4
"Springville, New York, United States",5,4
"Stamford, Connecticut, United States",5,5
"Stanton, Kentucky, United States",5,1
"Stevenson Ranch, California, United States",5,4
"Sturgis, South Dakota, United States",5,3
"Stuttgart, Baden-Wurttemberg, Germany",5,5
"Sudbury, Massachusetts, United States",5,4
"Sugar Land, Texas, United States",5,5
"Sumare, State of Sao Paulo, Brazil",5,1
"Superior, Colorado, United States",5,4
"Tan An, Tay Ninh, Vietnam",5,2
"Telluride, Colorado, United States",5,4
"Thu Dau Mot, Binh Duong, Vietnam",5,1
"Tomahawk, Wisconsin, United States",5,3
"Truckee, California, United States",5,5
"Twin Falls, Idaho, United States",5,2
"Uniontown, Alabama, United States",5,3
"Vernon, Alabama, United States",5,4
"Vineland, New Jersey, United States",5,3
"Vinh Yen, Vinh Phuc, Vietnam",5,2
"Visakhapatnam, Andhra Pradesh, India",5,3
"Waleska, Georgia, United States",5,5
"Warner Robins, Georgia, United States",5,4
"Waterbury, Connecticut, United States",5,4
"Wausau, Wisconsin, United States",5,4
"West Lafayette, Indiana, United States",5,4
"West Valley City, Utah, United States",5,5
"Wilson, North Carolina, United States",5,5
"Winnsboro, Louisiana, United States",5,1
"Winston-Salem, North Carolina, United States",5,4
"Wrightwood, California, United States",5,5
"Wroclaw, Lower Silesian Voivodeship, Poland",5,4
"Zhuhai, Guangdong Province, China",5,5
"(not set), (not set), Azerbaijan",4,1
"(not set), (not set), Cyprus",4,4
"(not set), (not set), Japan",4,4
"(not set), (not set), Poland",4,4
"(not set), (not set), Russia",4,4
"(not set), Basra Governorate, Iraq",4,1
"(not set), Central Luzon, Philippines",4,2
"(not set), Hawaii, United States",4,4
"(not set), Lao Cai, Vietnam",4,1
"(not set), Lower Saxony, Germany",4,3
"(not set), Luang Prabang Province, Laos",4,4
"(not set), Nantou County, Taiwan",4,4
"(not set), Rangpur Division, Bangladesh",4,1
"(not set), Riau Islands, Indonesia",4,4
"(not set), Sverdlovsk Oblast, Russia",4,3
"(not set), Tucuman Province, Argentina",4,3
"(not set), Western Visayas, Philippines",4,2
"(not set), Zulia, Venezuela",4,1
"65440, Occitanie, France",4,2
"Abidjan, (not set), Côte d’Ivoire",4,1
"Aiken, South Carolina, United States",4,3
"Aitkin, Minnesota, United States",4,2
"Albert Lea, Minnesota, United States",4,2
"Alpine, California, United States",4,4
"American Falls, Idaho, United States",4,2
"Amery, Wisconsin, United States",4,4
"Anaconda, Montana, United States",4,4
"Anthony, New Mexico, United States",4,2
"Ashland, Kentucky, United States",4,3
"Astana, Astana, Kazakhstan",4,1
"Atchison, Kansas, United States",4,0
"Auburn, Alabama, United States",4,4
"Auburn, New York, United States",4,4
"Audubon, Iowa, United States",4,3
"Aurora, Missouri, United States",4,3
"Ba Ria, Ba Ria - Vung Tau, Vietnam",4,1
"Bac Lieu, Bac Lieu, Vietnam",4,2
"Bainbridge, Georgia, United States",4,2
"Bainbridge Island, Washington, United States",4,4
"Banqiao District, New Taipei City, Taiwan",4,4
"Barquisimeto, Lara, Venezuela",4,0
"Bayreuth, Bavaria, Germany",4,4
"Bealeton, Virginia, United States",4,4
"Belgrade, (not set), Serbia",4,2
"Bentonville, Arkansas, United States",4,4
"Berkeley, Missouri, United States",4,4
"Bermuda Dunes, California, United States",4,4
"Bethesda, Maryland, United States",4,4
"Binghamton, New York, United States",4,2
"Blacksburg, Virginia, United States",4,4
"Bloomfield, Connecticut, United States",4,3
"Blountstown, Florida, United States",4,4
"Bluffdale, Utah, United States",4,3
"Bluffton, Indiana, United States",4,3
"Bluffton, South Carolina, United States",4,3
"Blumenau, State of Santa Catarina, Brazil",4,1
"Bolivar, Missouri, United States",4,1
"Bonita Springs, Florida, United States",4,2
"Bonsall, California, United States",4,4
"Bossier City, Louisiana, United States",4,3
"Bostonia, California, United States",4,4
"Bowie, Texas, United States",4,4
"Brampton, Ontario, Canada",4,4
"Brentwood, Tennessee, United States",4,4
"Bridgeville, Delaware, United States",4,3
"Brookville, Pennsylvania, United States",4,4
"Buon Ho, Dak Lak, Vietnam",4,2
"Burlingame, California, United States",4,4
"Burnsville, North Carolina, United States",4,1
"Calhoun City, Mississippi, United States",4,2
"Cambridge, Massachusetts, United States",4,4
"Camden, Arkansas, United States",4,1
"Cao Bang, Cao Bang, Vietnam",4,2
"Carol Stream, Illinois, United States",4,3
"Cedar Rapids, Iowa, United States",4,4
"Centreville, Virginia, United States",4,3
"Champaign, Illinois, United States",4,4
"Chantilly, Virginia, United States",4,2
"Charlottesville, Virginia, United States",4,4
"Chino Valley, Arizona, United States",4,2
"Ciudad Bolivar, Bolivar, Venezuela",4,1
"Clarinda, Iowa, United States",4,3
"Clovis, New Mexico, United States",4,4
"Columbia, Maryland, United States",4,4
"Columbia, Missouri, United States",4,4
"Columbus, Nebraska, United States",4,2
"Concepcion, Bio Bio, Chile",4,2
"Conway, South Carolina, United States",4,1
"Coraopolis, Pennsylvania, United States",4,4
"Cork, County Cork, Ireland",4,4
"Coronel Fabriciano, State of Minas Gerais, Brazil",4,1
"Crete, Nebraska, United States",4,1
"Crystal City, Texas, United States",4,2
"Cushing, Texas, United States",4,4
"Delray Beach, Florida, United States",4,4
"Delta, British Columbia, Canada",4,4
"Dong Hoi, Quang Tri, Vietnam",4,1
"Eagle Mountain, Utah, United States",4,3
"Eden Prairie, Minnesota, United States",4,4
"Eldoret, Uasin Gishu County, Kenya",4,2
"Elkhart, Indiana, United States",4,3
"Ellisville, Mississippi, United States",4,2
"Encarnacion, Itapua Department, Paraguay",4,1
"Ephraim, Utah, United States",4,2
"Estherville, Iowa, United States",4,2
"Evanston, Illinois, United States",4,4
"Fairfax, Virginia, United States",4,3
"Fall River, Massachusetts, United States",4,3
"Fayetteville, Arkansas, United States",4,3
"Forsyth, Missouri, United States",4,3
"Fort Leonard Wood, Missouri, United States",4,3
"Fortaleza, Ceara, Brazil",4,1
"Franklin, Tennessee, United States",4,3
"Frederick, Maryland, United States",4,3
"Frostproof, Florida, United States",4,3
"Fuquay-Varina, North Carolina, United States",4,4
"Gallup, New Mexico, United States",4,4
"Genesee, Colorado, United States",4,4
"Georgetown, Demerara-Mahaica, Guyana",4,3
"Ghent, Flanders, Belgium",4,3
"Giza, Giza Governorate, Egypt",4,1
"Glenwood Springs, Colorado, United States",4,3
"Gloucester, Massachusetts, United States",4,4
"Goiania, State of Goias, Brazil",4,2
"Golden, Colorado, United States",4,4
"Gqeberha, Eastern Cape, South Africa",4,3
"Grafton, North Dakota, United States",4,2
"Great Falls, Montana, United States",4,3
"Green Bay, Wisconsin, United States",4,4
"Greenfield, Indiana, United States",4,2
"Greenville, North Carolina, United States",4,2
"Gregorio de Laferrere, Buenos Aires Province, Argentina",4,3
"Guapimirim, State of Rio de Janeiro, Brazil",4,0
"Guwahati, Assam, India",4,0
"Hailey, Idaho, United States",4,3
"Hamburg, Hamburg, Germany",4,4
"Hancock, New York, United States",4,2
"Hannibal, Missouri, United States",4,3
"Hartford, Wisconsin, United States",4,2
"Hatch, New Mexico, United States",4,3
"Hayden, Idaho, United States",4,4
"Hidden Meadows, California, United States",4,4
"High Point, North Carolina, United States",4,3
"Hoang Mai, Nghe An, Vietnam",4,1
"Holbrook, Arizona, United States",4,3
"Honey Grove, Texas, United States",4,2
"Hotchkiss, Colorado, United States",4,2
"Houghton Lake, Michigan, United States",4,3
"Huntington, West Virginia, United States",4,4
"Huong Tra, Hue City, Vietnam",4,1
"Ida Grove, Iowa, United States",4,3
"Iligan City, Northern Mindanao, Philippines",4,3
"Iloilo City, Western Visayas, Philippines",4,2
"Imperial Beach, California, United States",4,4
"Imus, Calabarzon, Philippines",4,2
"Incline Village, Nevada, United States",4,2
"Independence, Missouri, United States",4,4
"Ipoh, Perak, Malaysia",4,2
"Jackson, Tennessee, United States",4,3
"Jeffersonville, Indiana, United States",4,3
"Jena, Louisiana, United States",4,4
"Jerome, Idaho, United States",4,2
"Jerseyville, Illinois, United States",4,4
"Johnstown, Pennsylvania, United States",4,3
"Joliet, Illinois, United States",4,3
"Julesburg, Colorado, United States",4,3
"Kamloops, British Columbia, Canada",4,3
"Kanab, Utah, United States",4,2
"Keokuk, Iowa, United States",4,3
"Kershaw, South Carolina, United States",4,4
"Kewanee, Illinois, United States",4,2
"Khopoli, Maharashtra, India",4,4
"Khulna, Khulna Division, Bangladesh",4,1
"Kingston upon Hull, England, United Kingdom",4,3
"Kinston, North Carolina, United States",4,3
"Kirkwood, Missouri, United States",4,4
"Kokomo, Indiana, United States",4,2
"Kountze, Texas, United States",4,2
"Krasnodar, Krasnodar Krai, Russia",4,1
"Krugersdorp, Gauteng, South Africa",4,2
"La Crescenta-Montrose, California, United States",4,4
"Lafayette, Colorado, United States",4,3
"Lake City, Florida, United States",4,3
"Lake Oswego, Oregon, United States",4,3
"Lakeland, Florida, United States",4,4
"Lakeville, Minnesota, United States",4,4
"Lamoni, Iowa, United States",4,2
"Land O' Lakes, Florida, United States",4,4
"Laramie, Wyoming, United States",4,2
"Lausanne, Vaud, Switzerland",4,3
"Lawrenceburg, Indiana, United States",4,3
"Lawton, Michigan, United States",4,3
"Leakesville, Mississippi, United States",4,4
"Leesville, Louisiana, United States",4,3
"Lenexa, Kansas, United States",4,3
"Lewisburg, West Virginia, United States",4,3
"Lexington, Tennessee, United States",4,1
"Limeira, State of Sao Paulo, Brazil",4,3
"Lindsay, Oklahoma, United States",4,4
"Live Oak, Florida, United States",4,2
"London, Ohio, United States",4,3
"Lone Tree, Colorado, United States",4,4
"Long Khanh, Dong Nai, Vietnam",4,3
"Lorain, Ohio, United States",4,1
"Loveland, Ohio, United States",4,3
"Luanda, Luanda Province, Angola",4,0
"Lubbock, Texas, United States",4,4
"Lviv, Lviv Oblast, Ukraine",4,3
"Lynwood, California, United States",4,3
"Macon, Georgia, United States",4,2
"Makkah, Makkah Province, Saudi Arabia",4,1
"Maple Grove, Minnesota, United States",4,4
"Maracay, Aragua, Venezuela",4,1
"Marco Island, Florida, United States",4,2
"Marine City, Michigan, United States",4,3
"Marion, Ohio, United States",4,4
"Marion, Virginia, United States",4,4
"Martinez, California, United States",4,4
"Maryville, Missouri, United States",4,3
"Mathura, Uttar Pradesh, India",4,4
"Mayer, Arizona, United States",4,3
"Merlo, Buenos Aires Province, Argentina",4,2
"Meycauayan, Central Luzon, Philippines",4,2
"Milton, Georgia, United States",4,4
"Minot, North Dakota, United States",4,4
"Mitchell, South Dakota, United States",4,3
"Moncks Corner, South Carolina, United States",4,4
"Montclair, New Jersey, United States",4,4
"Mooresville, North Carolina, United States",4,3
"Morelia, Michoacan, Mexico",4,2
"Morganton, North Carolina, United States",4,2
"Morgantown, West Virginia, United States",4,0
"Moriarty, New Mexico, United States",4,4
"Moundridge, Kansas, United States",4,2
"Mount Olive, North Carolina, United States",4,3
"Mount Pleasant, Michigan, United States",4,3
"Mountain Brook, Alabama, United States",4,4
"Muskegon, Michigan, United States",4,4
"Nashua, New Hampshire, United States",4,4
"Natal, State of Rio Grande do Norte, Brazil",4,1
"National City, California, United States",4,4
"Necochea, Buenos Aires Province, Argentina",4,0
"Neihu District, Taipei City, Taiwan",4,4
"Nephi, Utah, United States",4,2
"New Bern, North Carolina, United States",4,0
"New Braunfels, Texas, United States",4,3
"New Castle, Indiana, United States",4,1
"Newark, California, United States",4,4
"Newport News, Virginia, United States",4,3
"Niceville, Florida, United States",4,3
"Noida, Uttar Pradesh, India",4,2
"Nucla, Colorado, United States",4,2
"Nuremberg, Bavaria, Germany",4,4
"Oak Park, Illinois, United States",4,4
"Oasis, California, United States",4,4
"Ogallala, Nebraska, United States",4,3
"Orland Park, Illinois, United States",4,3
"Ormond Beach, Florida, United States",4,3
"Owensboro, Kentucky, United States",4,4
"Palmyra, Missouri, United States",4,1
"Paoli, Indiana, United States",4,2
"Park City, Utah, United States",4,4
"Parkers Prairie, Minnesota, United States",4,3
"Payson, Utah, United States",4,1
"Pea Ridge, Arkansas, United States",4,2
"Pelotas, State of Rio Grande do Sul, Brazil",4,3
"Petaling Jaya, Selangor, Malaysia",4,3
"Petropolis, State of Rio de Janeiro, Brazil",4,4
"Pflugerville, Texas, United States",4,4
"Phillipsburg, Kansas, United States",4,2
"Phu Tho, Phu Tho, Vietnam",4,2
"Phuc Yen, Phu Tho, Vietnam",4,2
"Piqua, Ohio, United States",4,1
"Pittsfield, Maine, United States",4,1
"Pleasanton, Texas, United States",4,3
"Pleiku, Gia Lai, Vietnam",4,1
"Plymouth, Minnesota, United States",4,3
"Pocatello, Idaho, United States",4,4
"Pont-Eveque, Auvergne-Rhone-Alpes, France",4,4
"Pontotoc, Mississippi, United States",4,2
"Pooler, Georgia, United States",4,1
"Port Lavaca, Texas, United States",4,1
"Port Washington, New York, United States",4,4
"Portage, Wisconsin, United States",4,2
"Prague, Prague, Czechia",4,3
"Quebec City, Quebec, Canada",4,2
"Quincy, Massachusetts, United States",4,4
"Raipur, Chhattisgarh, India",4,3
"Raleigh, Mississippi, United States",4,3
"Ranchi, Jharkhand, India",4,2
"Rancho Cordova, California, United States",4,3
"Rancho Santa Fe, California, United States",4,4
"Rangeley, Maine, United States",4,1
"Resistencia, Chaco Province, Argentina",4,3
"Rhome, Texas, United States",4,1
"Rib Lake, Wisconsin, United States",4,3
"Robstown, Texas, United States",4,3
"Rock Springs, Wyoming, United States",4,3
"Rockwell City, Iowa, United States",4,2
"Rogersville, Tennessee, United States",4,1
"Rolling Hills, California, United States",4,4
"Ruidoso, New Mexico, United States",4,2
"Rushford, Minnesota, United States",4,4
"Sahibzada Ajit Singh Nagar, Punjab, India",4,2
"Salmiya, Hawalli Governorate, Kuwait",4,2
"Saltillo, Coahuila, Mexico",4,2
"Sam Son, Thanh Hoa, Vietnam",4,2
"Samara, Samara Oblast, Russia",4,0
"Sammamish, Washington, United States",4,4
"San Cristobal, Tachira, Venezuela",4,2
"San Jose del Cabo, Baja California Sur, Mexico",4,4
"San Miguel, Buenos Aires Province, Argentina",4,2
"Sandersville, Georgia, United States",4,2
"Sant'Ana do Livramento, State of Rio Grande do Sul, Brazil",4,1
"Santa Fe, Santa Fe Province, Argentina",4,2
"Santa Maria, State of Rio Grande do Sul, Brazil",4,0
"Santo Domingo, (not set), Dominican Republic",4,2
"Sapulpa, Oklahoma, United States",4,2
"Sayre, Oklahoma, United States",4,3
"Scotts Valley, California, United States",4,4
"SeaTac, Washington, United States",4,3
"Seville, Andalusia, Spain",4,3
"Shawnee, Kansas, United States",4,4
"Silver Spring, Maryland, United States",4,4
"Sioux Center, Iowa, United States",4,3
"Sioux Falls, South Dakota, United States",4,4
"Skowhegan, Maine, United States",4,3
"Smithers, British Columbia, Canada",4,3
"Smyrna, Tennessee, United States",4,4
"Sonipat, Haryana, India",4,3
"Sousse, Sousse Governorate, Tunisia",4,0
"Southbury, Connecticut, United States",4,4
"Spanish Fork, Utah, United States",4,4
"Spokane Valley, Washington, United States",4,4
"Springfield, Ohio, United States",4,3
"Springville, Utah, United States",4,3
"St. Cloud, Florida, United States",4,4
"Stanford, California, United States",4,4
"Staunton, Illinois, United States",4,3
"Stigler, Oklahoma, United States",4,4
"Sulaymaniyah, (not set), Iraq",4,2
"Sun City, Arizona, United States",4,4
"Sun Prairie, Wisconsin, United States",4,4
"Suzhou, Jiangsu, China",4,4
"Syracuse, Kansas, United States",4,2
"Tallulah, Louisiana, United States",4,3
"Tehran, (not set), Iran",4,1
"Thai Binh, Thai Binh, Vietnam",4,1
"The Woodlands, Texas, United States",4,4
"Tongi, Dhaka Division, Bangladesh",4,3
"Tooele, Utah, United States",4,3
"Torrington, Connecticut, United States",4,2
"Townsend, Montana, United States",4,2
"Townsville, Queensland, Australia",4,3
"Traverse City, Michigan, United States",4,3
"Troy, Michigan, United States",4,4
"Tupper Lake, New York, United States",4,2
"Uong Bi, Quang Ninh, Vietnam",4,1
"Valle Vista, California, United States",4,4
"Viamao, State of Rio Grande do Sul, Brazil",4,2
"Volta Redonda, State of Rio de Janeiro, Brazil",4,2
"Wake Forest, North Carolina, United States",4,3
"Waterloo, Iowa, United States",4,4
"Wauwatosa, Wisconsin, United States",4,4
"Weatherford, Oklahoma, United States",4,2
"Weaverville, North Carolina, United States",4,4
"West Des Moines, Iowa, United States",4,3
"West Jordan, Utah, United States",4,4
"West Sacramento, California, United States",4,4
"West Windsor Township, New Jersey, United States",4,4
"Weston, Florida, United States",4,4
"Whitehouse, Texas, United States",4,3
"Wilburton, Oklahoma, United States",4,3
"Wilton, Iowa, United States",4,1
"Winamac, Indiana, United States",4,2
"Winnipeg, Manitoba, Canada",4,4
"Winona, Minnesota, United States",4,3
"Winter Gardens, California, United States",4,3
"Winter Park, Florida, United States",4,4
"York, Nebraska, United States",4,3
"Zamboanga City, Zamboanga Peninsula, Philippines",4,3
"Zaragoza, Aragon, Spain",4,3
"Zhongli District, Taoyuan City, Taiwan",4,3
"Zurich, Zurich, Switzerland",4,3
"(not set), (not set), Palestine",3,1
"(not set), Al Muthanna Governorate, Iraq",3,2
"(not set), Alabama, United States",3,2
"(not set), Alajuela Province, Costa Rica",3,2
"(not set), Amhara, Ethiopia",3,0
"(not set), Arkansas, United States",3,2
"(not set), Ba Ria - Vung Tau, Vietnam",3,1
"(not set), Barisal Division, Bangladesh",3,1
"(not set), Bavaria, Germany",3,3
"(not set), Bicol, Philippines",3,2
"(not set), Caaguazu Department, Paraguay",3,1
"(not set), Cagayan Valley, Philippines",3,1
"(not set), Central Visayas, Philippines",3,2
"(not set), Dhofar Governorate, Oman",3,0
"(not set), Galicia, Spain",3,3
"(not set), Guayas, Ecuador",3,1
"(not set), Ha Nam, Vietnam",3,1
"(not set), Haryana, India",3,3
"(not set), Hauts-de-France, France",3,3
"(not set), Ilocos Region, Philippines",3,2
"(not set), Irbid Governorate, Jordan",3,1
"(not set), Keelung City, Taiwan",3,1
"(not set), Lang Son, Vietnam",3,2
"(not set), Leningrad Oblast, Russia",3,2
"(not set), Luanda Province, Angola",3,1
"(not set), Magdalena, Colombia",3,1
"(not set), Miranda, Venezuela",3,2
"(not set), Nouvelle-Aquitaine, France",3,3
"(not set), Punjab, India",3,0
"(not set), San Luis Potosi, Mexico",3,2
"(not set), Sihanoukville, Cambodia",3,3
"(not set), South Carolina, United States",3,3
"(not set), South Kalimantan, Indonesia",3,3
"(not set), St. Catherine Parish, Jamaica",3,1
"(not set), State of Goias, Brazil",3,2
"(not set), State of Paraiba, Brazil",3,1
"(not set), State of Parana, Brazil",3,1
"(not set), State of Piaui, Brazil",3,2
"(not set), Sucre, Venezuela",3,1
"(not set), Tamil Nadu, India",3,1
"(not set), Tungurahua, Ecuador",3,3
"(not set), Wasit Governorate, Iraq",3,0
"(not set), Yaracuy, Venezuela",3,2
"(not set), Zarqa Governorate, Jordan",3,0
"17140, Nouvelle-Aquitaine, France",3,0
"Abbotsford, British Columbia, Canada",3,2
"Abha, Aseer Province, Saudi Arabia",3,1
"Abidjan, Abidjan Autonomous District, Côte d’Ivoire",3,2
"Abilene, Texas, United States",3,3
"Abuja, Federal Capital Territory, Nigeria",3,2
"Accra, Greater Accra Region, Ghana",3,1
"Addison, Texas, United States",3,2
"Aguas Lindas de Goias, State of Goias, Brazil",3,2
"Akron, Iowa, United States",3,3
"Al Jubail, Eastern Province, Saudi Arabia",3,1
"Al Khobar, Eastern Province, Saudi Arabia",3,0
"Al Qatif, Eastern Province, Saudi Arabia",3,2
"Albany, Georgia, United States",3,1
"Alexandria, New Jersey, United States",3,3
"Americana, State of Sao Paulo, Brazil",3,1
"Ammon, Idaho, United States",3,3
"Annaba, Annaba Province, Algeria",3,0
"Anson, Texas, United States",3,2
"Apex, North Carolina, United States",3,3
"Appleton, Wisconsin, United States",3,3
"Arab, Alabama, United States",3,2
"Arequipa, Arequipa, Peru",3,2
"Arkadelphia, Arkansas, United States",3,1
"Arlington, Tennessee, United States",3,3
"Ashland, Ohio, United States",3,2
"Ashland, Wisconsin, United States",3,3
"Athens, Tennessee, United States",3,2
"Augusta, Georgia, United States",3,3
"Bandar Lampung, Lampung, Indonesia",3,1
"Barcelona, Anzoategui, Venezuela",3,1
"Bastrop, Louisiana, United States",3,2
"Batam, Riau Islands, Indonesia",3,3
"Bay City, Michigan, United States",3,3
"Belem, State of Para, Brazil",3,1
"Belgrade, Montana, United States",3,2
"Belle Glade, Florida, United States",3,1
"Bellefontaine, Ohio, United States",3,1
"Belleville, Illinois, United States",3,2
"Bellville, Texas, United States",3,2
"Bemidji, Minnesota, United States",3,2
"Bhiwani, Haryana, India",3,2
"Big Bear, California, United States",3,2
"Binh Minh, Vinh Long, Vietnam",3,0
"Blaine, Minnesota, United States",3,3
"Blairsville, Pennsylvania, United States",3,2
"Blakely, Georgia, United States",3,1
"Boerne, Texas, United States",3,3
"Boynton Beach, Florida, United States",3,3
"Brazil, Indiana, United States",3,3
"Breaux Bridge, Louisiana, United States",3,2
"Brest, Brest Region, Belarus",3,0
"Brewton, Alabama, United States",3,2
"Bridgewater, New Jersey, United States",3,3
"Brigham City, Utah, United States",3,3
"Brookhaven, Mississippi, United States",3,2
"Brooklyn Park, Minnesota, United States",3,3
"Brunswick, Maine, United States",3,3
"Bucaramanga, Santander, Colombia",3,1
"Bukit Mertajam, Penang, Malaysia",3,2
"Byers, Colorado, United States",3,3
"Calexico, California, United States",3,3
"Cam Ranh, Khanh Hoa, Vietnam",3,1
"Campbell, California, United States",3,3
"Campo Grande, State of Mato Grosso do Sul, Brazil",3,2
"Campos dos Goytacazes, State of Rio de Janeiro, Brazil",3,3
"Camrose, Alberta, Canada",3,1
"Canton, North Carolina, United States",3,2
"Cao Lanh, Dong Thap, Vietnam",3,0
"Carapicuiba, State of Sao Paulo, Brazil",3,1
"Carrollton, Missouri, United States",3,1
"Caseros, Buenos Aires Province, Argentina",3,0
"Casselton, North Dakota, United States",3,2
"Castle Pines, Colorado, United States",3,2
"Cedar Park, Texas, United States",3,3
"Centralia, Missouri, United States",3,2
"Chambersburg, Pennsylvania, United States",3,3
"Chandigarh, Ropar Division, India",3,0
"Changzhou, Jiangsu, China",3,3
"Charles City, Iowa, United States",3,2
"Chaska, Minnesota, United States",3,3
"Chau Doc, An Giang, Vietnam",3,1
"Chi Linh, Hai Duong, Vietnam",3,1
"Chilliwack, British Columbia, Canada",3,3
"Chippewa Falls, Wisconsin, United States",3,2
"Chisinau, Chisinau, Moldova",3,0
"Circle, Montana, United States",3,2
"Ciudad Juarez, Chihuahua, Mexico",3,3
"Claxton, Georgia, United States",3,1
"Clive, Iowa, United States",3,3
"Cochran, Georgia, United States",3,0
"Coleman, Texas, United States",3,2
"Colombo, Western Province, Sri Lanka",3,1
"Commerce City, Colorado, United States",3,3
"Coquitlam, British Columbia, Canada",3,3
"Cordoba, Cordoba Province, Argentina",3,3
"Corning, New York, United States",3,2
"Coro, Falcon, Venezuela",3,2
"Cotia, State of Sao Paulo, Brazil",3,0
"Cottage Lake, Washington, United States",3,3
"Craigsville, West Virginia, United States",3,3
"Cuenca, Azuay, Ecuador",3,3
"Cuero, Texas, United States",3,2
"Cumming, Georgia, United States",3,3
"Dade City, Florida, United States",3,3
"Danville, California, United States",3,3
"Dar es Salaam, Dar es Salam, Tanzania",3,1
"Dawson, Georgia, United States",3,3
"Dayton, Ohio, United States",3,3
"Dearborn, Michigan, United States",3,3
"Deerfield, Illinois, United States",3,3
"Deerfield Beach, Florida, United States",3,3
"Del Monte Forest, California, United States",3,2
"Delhi, New York, United States",3,2
"Delta, Colorado, United States",3,2
"Deltona, Florida, United States",3,3
"Denpasar, Bali, Indonesia",3,2
"Des Moines, New Mexico, United States",3,3
"Dickson, Tennessee, United States",3,3
"Dnipro, Dnipropetrovsk Oblast, Ukraine",3,2
"Donetsk, Donetsk Oblast, Ukraine",3,2
"Dong Xoai, Dong Nai, Vietnam",3,0
"Drayton Valley, Alberta, Canada",3,3
"Duluth, Georgia, United States",3,3
"Duluth, Minnesota, United States",3,3
"East Hemet, California, United States",3,3
"Easton, Pennsylvania, United States",3,3
"Edgewater, Florida, United States",3,2
"Elizabethtown, Kentucky, United States",3,2
"Elkin, North Carolina, United States",3,3
"Escanaba, Michigan, United States",3,1
"Estero, Florida, United States",3,3
"Fabens, Texas, United States",3,3
"Fair Oaks, California, United States",3,3
"Fairfield, Ohio, United States",3,3
"Fairview, Utah, United States",3,1
"Fazenda Rio Grande, State of Parana, Brazil",3,2
"Fiesch, Valais, Switzerland",3,2
"Fincastle, Virginia, United States",3,1
"Firth, Idaho, United States",3,2
"Fishers, Indiana, United States",3,3
"Flowery Branch, Georgia, United States",3,3
"Fort Dodge, Iowa, United States",3,1
"Fort Mohave, Arizona, United States",3,3
"Four Corners, Florida, United States",3,3
"Frankfort, Kentucky, United States",3,1
"Franklin, Pennsylvania, United States",3,0
"Franklin, Virginia, United States",3,2
"Franklin Park, Pennsylvania, United States",3,3
"Gainesville, Georgia, United States",3,3
"Garcia, Nuevo Leon, Mexico",3,1
"Gardnerville, Nevada, United States",3,3
"Garland, Texas, United States",3,3
"Gaziantep, Gaziantep, Türkiye",3,2
"General Santos City (Dadiangas), Region XII, Philippines",3,1
"General Trias, Calabarzon, Philippines",3,2
"Gibsonia, Pennsylvania, United States",3,3
"Giddings, Texas, United States",3,3
"Glasgow, Montana, United States",3,3
"Glenns Ferry, Idaho, United States",3,2
"Golden Valley, Minnesota, United States",3,3
"Goodland, Kansas, United States",3,2
"Gothenburg, Vastra Gotaland County, Sweden",3,2
"Granite Bay, California, United States",3,3
"Granite City, Illinois, United States",3,3
"Gravatai, State of Rio Grande do Sul, Brazil",3,2
"Greenwich, Connecticut, United States",3,1
"Greenwood Village, Colorado, United States",3,3
"Griffin, Georgia, United States",3,3
"Grinnell, Iowa, United States",3,1
"Guatemala City, Guatemala Department, Guatemala",3,3
"Guelph, Ontario, Canada",3,3
"Guntur, Andhra Pradesh, India",3,3
"Ha Giang, Ha Giang, Vietnam",3,1
"Hackensack, New Jersey, United States",3,2
"Hamilton, Texas, United States",3,1
"Hammond, Louisiana, United States",3,1
"Hammonton, New Jersey, United States",3,2
"Hanover, Lower Saxony, Germany",3,3
"Hanover Park, Illinois, United States",3,3
"Hawarden, Iowa, United States",3,0
"Hawkinsville, Georgia, United States",3,3
"Hayward, Wisconsin, United States",3,3
"Hector, Minnesota, United States",3,1
"Herndon, Virginia, United States",3,3
"Hicksville, New York, United States",3,3
"Highland Springs, Virginia, United States",3,1
"Highlands, North Carolina, United States",3,3
"Hillsdale, Michigan, United States",3,2
"Hilo, Hawaii, United States",3,3
"Hinesville, Georgia, United States",3,3
"Hinton, Oklahoma, United States",3,2
"Hiram, Georgia, United States",3,2
"Hisar, Haryana, India",3,1
"Hoa Binh, Hoa Binh, Vietnam",3,3
"Hoa Binh, Phu Tho, Vietnam",3,0
"Holly Ridge, North Carolina, United States",3,1
"Honaker, Virginia, United States",3,1
"Hoover, Alabama, United States",3,3
"Hortolandia, State of Sao Paulo, Brazil",3,2
"Hot Springs, Virginia, United States",3,3
"Houten, Utrecht, Netherlands",3,3
"Hue, Hue City, Vietnam",3,0
"Huntington, New York, United States",3,1
"Huntsville, Texas, United States",3,2
"Hutto, Texas, United States",3,3
"Hyderabad, Sindh, Pakistan",3,3
"Idaho Springs, Colorado, United States",3,3
"Iowa City, Iowa, United States",3,3
"Itapipoca, Ceara, Brazil",3,1
"Itaquaquecetuba, State of Sao Paulo, Brazil",3,0
"Izhevsk, Udmurt Republic, Russia",3,3
"Izmir, Izmir, Türkiye",3,1
"Jackson, Michigan, United States",3,3
"Jammu, Jammu and Kashmir, India",3,1
"Jaragua do Sul, State of Santa Catarina, Brazil",3,2
"Jay, Maine, United States",3,1
"Jose C. Paz, Buenos Aires Province, Argentina",3,2
"Junction City, Kentucky, United States",3,3
"Kalamazoo, Michigan, United States",3,3
"Karaganda, Karaganda Region, Kazakhstan",3,0
"Karnal, Haryana, India",3,0
"Kediri, East Java, Indonesia",3,1
"Kemmerer, Wyoming, United States",3,2
"Kharian, Punjab, Pakistan",3,1
"Khmelnytskyi, Khmelnytskyi Oblast, Ukraine",3,0
"Kingfisher, Oklahoma, United States",3,3
"Kinsley, Kansas, United States",3,3
"Kishoreganj, Dhaka Division, Bangladesh",3,3
"Klang, Selangor, Malaysia",3,1
"Kofu, Yamanashi, Japan",3,3
"Krakow, Lesser Poland Voivodeship, Poland",3,2
"Krasnoyarsk, Krasnoyarsk Krai, Russia",3,2
"Kushtia, Khulna Division, Bangladesh",3,0
"Kutaisi, Imereti, Georgia",3,1
"La Chorrera, (not set), Panama",3,1
"La Grange, Texas, United States",3,3
"La Paz, Baja California Sur, Mexico",3,3
"LaFayette, Georgia, United States",3,2
"Lacombe, Alberta, Canada",3,2
"Lake City, South Carolina, United States",3,2
"Lake Los Angeles, California, United States",3,2
"Lake San Marcos, California, United States",3,3
"Lancaster, Pennsylvania, United States",3,3
"Langdon, Alberta, Canada",3,2
"Lanus, Buenos Aires Province, Argentina",3,2
"Lapu-Lapu, Central Visayas, Philippines",3,2
"Larkspur, California, United States",3,3
"Lawrence, Kansas, United States",3,3
"Lawrenceville, Georgia, United States",3,3
"Layton, Utah, United States",3,3
"Leadville, Colorado, United States",3,2
"Leesburg, Florida, United States",3,0
"Legazpi City, Bicol, Philippines",3,0
"Lehigh Acres, Florida, United States",3,3
"Leicester, England, United Kingdom",3,2
"Leipzig, Saxony, Germany",3,2
"Lemon Grove, California, United States",3,3
"Lenoir, North Carolina, United States",3,1
"Levelland, Texas, United States",3,3
"Lewiston, Maine, United States",3,1
"Lexington, North Carolina, United States",3,3
"Liberty, Kentucky, United States",3,2
"Liberty Hill, Texas, United States",3,2
"Lisbon, Lisbon, Portugal",3,3
"Lisle, Illinois, United States",3,3
"Litchfield, Minnesota, United States",3,3
"Live Oak, California, United States",3,3
"Liverpool, England, United Kingdom",3,2
"Livingston, Tennessee, United States",3,1
"Livonia, Michigan, United States",3,3
"Lodi, California, United States",3,3
"Lombard, Illinois, United States",3,2
"London, Ontario, Canada",3,3
"Los Altos, California, United States",3,3
"Lumberton, North Carolina, United States",3,3
"Luverne, Alabama, United States",3,3
"Macae, State of Rio de Janeiro, Brazil",3,3
"Maceio, State of Alagoas, Brazil",3,0
"Malaga, Andalusia, Spain",3,2
"Maldonado, Maldonado Department, Uruguay",3,1
"Malmo, Skane County, Sweden",3,2
"Manassas, Virginia, United States",3,3
"Manchester, New Hampshire, United States",3,1
"Mandaue, Central Visayas, Philippines",3,2
"Manning, Iowa, United States",3,0
"Margate, Florida, United States",3,3
"Marysville, Kansas, United States",3,2
"Maryville, Tennessee, United States",3,3
"Mashpee, Massachusetts, United States",3,3
"Massillon, Ohio, United States",3,3
"Mataram, West Nusa Tenggara, Indonesia",3,1
"McAllen, Texas, United States",3,3
"McCall, Idaho, United States",3,3
"McLeansboro, Illinois, United States",3,2
"McMinnville, Tennessee, United States",3,3
"Mebane, North Carolina, United States",3,1
"Medan, North Sumatra, Indonesia",3,2
"Medford, New Jersey, United States",3,3
"Meknes, Fez-Meknes, Morocco",3,0
"Melipilla, Santiago Metropolitan Region, Chile",3,2
"Melitopol', Zaporizhia Oblast, Ukraine",3,1
"Melville, New York, United States",3,3
"Mentone, California, United States",3,2
"Merkel, Texas, United States",3,2
"Metairie, Louisiana, United States",3,3
"Middletown, Delaware, United States",3,2
"Middletown, Ohio, United States",3,3
"Milford, Connecticut, United States",3,3
"Milford, Delaware, United States",3,2
"Millbrae, California, United States",3,3
"Minya, Minya Governorate, Egypt",3,1
"Miramar, Florida, United States",3,3
"Missouri City, Texas, United States",3,2
"Modi'in-Maccabim-Re'ut, Center District, Israel",3,0
"Monte Grande, Buenos Aires Province, Argentina",3,3
"Monterey, California, United States",3,3
"Montevideo, Minnesota, United States",3,2
"Moorpark, California, United States",3,3
"Mount Vernon, Ohio, United States",3,1
"Mountain Home Air Force Base, Idaho, United States",3,3
"Mulheim, North Rhine-Westphalia, Germany",3,2
"Munster, Indiana, United States",3,3
"Muntinlupa, Metro Manila, Philippines",3,2
"Murfreesboro, Tennessee, United States",3,3
"Muscatine, Iowa, United States",3,3
"Muscoy, California, United States",3,3
"Nagpur, Maharashtra, India",3,0
"New Albany, Ohio, United States",3,1
"New Bedford, Massachusetts, United States",3,2
"New Cairo City, Cairo Governorate, Egypt",3,2
"New Canaan, Connecticut, United States",3,2
"New London, New Hampshire, United States",3,3
"New Town, West Bengal, India",3,2
"Newnan, Georgia, United States",3,3
"Newport, Arkansas, United States",3,2
"Nicholasville, Kentucky, United States",3,1
"Norman, Oklahoma, United States",3,3
"North Brunswick Township, New Jersey, United States",3,2
"North Fort Myers, Florida, United States",3,1
"North Port, Florida, United States",3,3
"Norwich, New York, United States",3,1
"Novotitarovskaya, Krasnodar Krai, Russia",3,3
"Nuestra Senora de La Paz, La Paz Department, Bolivia",3,2
"Oakland City, Indiana, United States",3,3
"Oakley, Kansas, United States",3,3
"Odesa, Odesa Oblast, Ukraine",3,1
"Odessa, Texas, United States",3,3
"Oil City, Pennsylvania, United States",3,1
"Oildale, California, United States",3,3
"Oldenburg, Lower Saxony, Germany",3,3
"Olla, Louisiana, United States",3,3
"Olney, Maryland, United States",3,3
"Opelika, Alabama, United States",3,3
"Orinda, California, United States",3,3
"Osage City, Kansas, United States",3,3
"Osh, Osh Region, Kyrgyzstan",3,0
"Oshawa, Ontario, Canada",3,3
"Oshkosh, Wisconsin, United States",3,3
"Oskemen, East Kazakhstan Region, Kazakhstan",3,3
"Oswego, Illinois, United States",3,1
"Oujda, Oriental, Morocco",3,0
"Paducah, Kentucky, United States",3,2
"Palakkad, Kerala, India",3,0
"Palembang, South Sumatra, Indonesia",3,1
"Palmira, Valle del Cauca, Colombia",3,2
"Paramaribo, (not set), Suriname",3,2
"Parkersburg, West Virginia, United States",3,1
"Paulding, Ohio, United States",3,2
"Pavlodar, Pavlodar Region, Kazakhstan",3,3
"Pawnee City, Nebraska, United States",3,1
"Payyanur, Kerala, India",3,1
"Pembroke Pines, Florida, United States",3,3
"Peoria, Illinois, United States",3,3
"Perrysburg, Ohio, United States",3,3
"Perth, Western Australia, Australia",3,3
"Petawawa, Ontario, Canada",3,3
"Petoskey, Michigan, United States",3,2
"Phu Ly, Ninh Binh, Vietnam",3,0
"Phu Quoc, Kien Giang, Vietnam",3,1
"Phuoc Long, Dong Nai, Vietnam",3,1
"Pierre, South Dakota, United States",3,3
"Pima, Arizona, United States",3,2
"Pine City, Minnesota, United States",3,2
"Plains, Montana, United States",3,1
"Plantation, Florida, United States",3,3
"Playa del Carmen, Quintana Roo, Mexico",3,1
"Pleasant Hill, California, United States",3,2
"Ploiesti, Prahova, Romania",3,2
"Pocomoke City, Maryland, United States",3,3
"Pointe-Noire, (not set), Congo - Brazzaville",3,1
"Pollock, Louisiana, United States",3,3
"Polson, Montana, United States",3,2
"Ponta Grossa, State of Parana, Brazil",3,2
"Pontiac, Michigan, United States",3,2
"Port Charlotte, Florida, United States",3,3
"Port Harcourt, Rivers, Nigeria",3,2
"Portmore, St. Catherine Parish, Jamaica",3,1
"Porto Rafti, Attica, Greece",3,0
"Prescott, Arkansas, United States",3,2
"Presque Isle, Maine, United States",3,2
"Puchong, Selangor, Malaysia",3,1
"Pueblo, Colorado, United States",3,2
"Purcellville, Virginia, United States",3,3
"Quang Tri, Quang Tri, Vietnam",3,1
"Quilmes, Buenos Aires Province, Argentina",3,3
"Rach Gia, Kien Giang, Vietnam",3,0
"Rajshahi, (not set), Bangladesh",3,2
"Randolph, Vermont, United States",3,1
"Raymondville, Texas, United States",3,0
"Reading, England, United Kingdom",3,3
"Reading, Pennsylvania, United States",3,2
"Red Oak, Texas, United States",3,3
"Reed City, Michigan, United States",3,1
"Reynoldsburg, Ohio, United States",3,2
"Ribeirao Preto, State of Sao Paulo, Brazil",3,1
"Ridgeland, South Carolina, United States",3,1
"Ridgeville, South Carolina, United States",3,2
"Ridgewood, New Jersey, United States",3,3
"Rio Rancho, New Mexico, United States",3,3
"Rio Rico, Arizona, United States",3,0
"Rio Vista, California, United States",3,1
"Ripon, California, United States",3,3
"Rockwall, Texas, United States",3,3
"Rolandia, State of Parana, Brazil",3,2
"Roseville, Minnesota, United States",3,3
"Rostov-on-Don, Rostov Oblast, Russia",3,1
"Roswell, Georgia, United States",3,3
"Roy, Utah, United States",3,3
"Rutland, Vermont, United States",3,2
"Salem, New Hampshire, United States",3,3
"Salem, Ohio, United States",3,1
"Samar, Dnipropetrovsk Oblast, Ukraine",3,1
"Samsun, Samsun, Türkiye",3,0
"San Miguel de Tucuman, Tucuman Province, Argentina",3,1
"Sanford, Florida, United States",3,1
"Santo Tomas, Calabarzon, Philippines",3,1
"Sao Luis, State of Maranhao, Brazil",3,0
"Saranac Lake, New York, United States",3,0
"Sarasota, Florida, United States",3,2
"Saskatoon, Saskatchewan, Canada",3,3
"Scarsdale, New York, United States",3,3
"Scottsbluff, Nebraska, United States",3,1
"Sebastian, Florida, United States",3,3
"Secunderabad, Telangana, India",3,1
"Sedalia, Missouri, United States",3,3
"Selmer, Tennessee, United States",3,2
"Semarang, Central Java, Indonesia",3,1
"Setagaya City, Tokyo, Japan",3,3
"Sevierville, Tennessee, United States",3,1
"Shah Alam, Selangor, Malaysia",3,0
"Simferopol, Crimea, Ukraine",3,0
"Sivakasi, Tamil Nadu, India",3,2
"Sky Valley, California, United States",3,3
"Snoqualmie, Washington, United States",3,2
"Snyderville, Utah, United States",3,3
"Son La, Son La, Vietnam",3,1
"Son Tay, Ha Noi, Vietnam",3,1
"Sorocaba, State of Sao Paulo, Brazil",3,1
"South Bend, Indiana, United States",3,1
"South El Monte, California, United States",3,3
"South Hill, Washington, United States",3,3
"South San Francisco, California, United States",3,2
"Southfield, Michigan, United States",3,3
"Southlake, Texas, United States",3,3
"Springville, Alabama, United States",3,2
"St. Catharines, Ontario, Canada",3,2
"St. Louis Park, Minnesota, United States",3,2
"Stanford, Kentucky, United States",3,0
"State College, Pennsylvania, United States",3,1
"Stewartville, Minnesota, United States",3,2
"Summerville, South Carolina, United States",3,1
"Sun Village, California, United States",3,3
"Sunland Park, New Mexico, United States",3,1
"Sunnyside, Washington, United States",3,3
"Sylhet, Sylhet Division, Bangladesh",3,2
"Sylvania, Georgia, United States",3,1
"Tamworth, New Hampshire, United States",3,3
"Tan Chau, An Giang, Vietnam",3,1
"Taylorsville, Utah, United States",3,3
"Telford, England, United Kingdom",3,3
"Temple, Texas, United States",3,3
"Terrell, Texas, United States",3,2
"Texarkana, Texas, United States",3,3
"Thika, (not set), Kenya",3,0
"Thiruvananthapuram, Kerala, India",3,1
"Thousand Palms, California, United States",3,2
"Thrissur, Kerala, India",3,0
"Tigard, Oregon, United States",3,3
"Tijucas, State of Santa Catarina, Brazil",3,0
"Tirupati, Andhra Pradesh, India",3,3
"Tizi Ouzou, Tizi Ouzou Province, Algeria",3,0
"Toledo, Ohio, United States",3,1
"Topeka, Kansas, United States",3,3
"Towaoc, Colorado, United States",3,1
"Townsend, Tennessee, United States",3,1
"Tra Vinh, Tra Vinh, Vietnam",3,1
"Trappe, Pennsylvania, United States",3,3
"Troutman, North Carolina, United States",3,3
"Troy, Ohio, United States",3,3
"Tuckahoe, Virginia, United States",3,2
"Tuy Hoa, Phu Yen, Vietnam",3,1
"Tuyen Quang, Tuyen Quang, Vietnam",3,0
"Udaipur, Rajasthan, India",3,3
"Ufa, Republic of Bashkortostan, Russia",3,2
"Ulaanbaatar, Ulaanbaatar, Mongolia",3,2
"Ulen, Minnesota, United States",3,2
"Vanceburg, Kentucky, United States",3,0
"Varanasi, Uttar Pradesh, India",3,2
"Venice, Veneto, Italy",3,3
"Vernon, California, United States",3,3
"Vestavia Hills, Alabama, United States",3,2
"Victoria, Texas, United States",3,3
"Vila Velha, State of Espirito Santo, Brazil",3,0
"Villavicencio, Meta, Colombia",3,1
"Vinh Yen, Phu Tho, Vietnam",3,0
"Vitoria da Conquista, State of Bahia, Brazil",3,2
"Voronezh, Voronezh Oblast, Russia",3,0
"Wabash, Indiana, United States",3,0
"Waco, Texas, United States",3,2
"Warwick, New York, United States",3,2
"Washington Court House, Ohio, United States",3,2
"Watford City, North Dakota, United States",3,1
"Wauchula, Florida, United States",3,1
"Waxahachie, Texas, United States",3,3
"Waynesboro, Georgia, United States",3,2
"Waynesboro, Pennsylvania, United States",3,3
"Welch, West Virginia, United States",3,2
"West Linn, Oregon, United States",3,2
"West Puente Valley, California, United States",3,2
"West Whittier-Los Nietos, California, United States",3,2
"Westwood, Massachusetts, United States",3,3
"Wheeling, West Virginia, United States",3,2
"White Oak, Maryland, United States",3,3
"Wickenburg, Arizona, United States",3,2
"Wilkes-Barre, Pennsylvania, United States",3,3
"Willcox, Arizona, United States",3,3
"Winchester, Tennessee, United States",3,3
"Windsor, California, United States",3,3
"Wingate, North Carolina, United States",3,3
"Wolgast, Mecklenburg-Vorpommern, Germany",3,3
"Woodstock, Virginia, United States",3,2
"Worthington, Ohio, United States",3,3
"Wylie, Texas, United States",3,3
"Wymore, Nebraska, United States",3,2
"Wynne, Arkansas, United States",3,2
"Yen Bai, Lao Cai, Vietnam",3,1
"Yokohama, Kanagawa, Japan",3,2
"Ypsilanti, Michigan, United States",3,3
"Zaporizhzhia, Zaporizhia Oblast, Ukraine",3,1
"Idaho, United States",2,2
"Texas, United States",2,2
"(not set), (not set), Italy",2,2
"(not set), (not set), Sweden",2,2
"(not set), (not set), Taiwan",2,2
"(not set), Al-Qadisiyyah Governorate, Iraq",2,1
"(not set), Alaska, United States",2,2
"(not set), Alberta, Canada",2,2
"(not set), Altai Krai, Russia",2,1
"(not set), Andalusia, Spain",2,1
"(not set), Andhra Pradesh, India",2,1
"(not set), Auvergne-Rhone-Alpes, France",2,2
"(not set), Bagmati Province, Nepal",2,1
"(not set), Banten, Indonesia",2,0
"(not set), Ben Arous Governorate, Tunisia",2,1
"(not set), Bourgogne-Franche-Comte, France",2,2
"(not set), Brittany, France",2,1
"(not set), Cairo Governorate, Egypt",2,1
"(not set), Canelones Department, Uruguay",2,1
"(not set), Cundinamarca, Colombia",2,2
"(not set), Decentralized Administration of Macedonia and Thrace, Greece",2,1
"(not set), Decentralized Administration of Peloponnese, Western Greece and the Ionian, Greece",2,0
"(not set), District of Prizren, Kosovo",2,0
"(not set), Gandaki Province, Nepal",2,2
"(not set), Hanoi, Vietnam",2,2
"(not set), Kajiado County, Kenya",2,1
"(not set), Kanchanaburi, Thailand",2,1
"(not set), Kaohsiung City, Taiwan",2,2
"(not set), Khanty-Mansi Autonomous Okrug, Russia",2,2
"(not set), Lara, Venezuela",2,2
"(not set), Loei, Thailand",2,1
"(not set), Los Rios, Ecuador",2,0
"(not set), Merida, Venezuela",2,1
"(not set), Mimaropa, Philippines",2,1
"(not set), Misiones Province, Argentina",2,0
"(not set), Nakhon Pathom, Thailand",2,1
"(not set), Nayarit, Mexico",2,1
"(not set), North Rhine-Westphalia, Germany",2,2
"(not set), Quebec, Canada",2,2
"(not set), Queretaro, Mexico",2,1
"(not set), Republic of Tatarstan, Russia",2,2
"(not set), Retalhuleu Department, Guatemala",2,1
"(not set), Riau, Indonesia",2,1
"(not set), Saladin Governorate, Iraq",2,1
"(not set), Samara Oblast, Russia",2,0
"(not set), San Jose Province, Costa Rica",2,1
"(not set), San Salvador Department, El Salvador",2,1
"(not set), Scotland, United Kingdom",2,2
"(not set), Soc Trang, Vietnam",2,2
"(not set), South Dakota, United States",2,2
"(not set), Special Region of Yogyakarta, Indonesia",2,2
"(not set), St. Ann Parish, Jamaica",2,1
"(not set), State of Pernambuco, Brazil",2,1
"(not set), State of Rio de Janeiro, Brazil",2,2
"(not set), State of Rondonia, Brazil",2,0
"(not set), State of Santa Catarina, Brazil",2,1
"(not set), Tabasco, Mexico",2,0
"(not set), Tiaret Province, Algeria",2,2
"(not set), Trelawny Parish, Jamaica",2,1
"(not set), Trujillo, Venezuela",2,2
"(not set), Uttar Pradesh, India",2,2
"(not set), West Bengal, India",2,1
"10th of Ramadan City, Al-Sharqia Governorate, Egypt",2,2
"29173, State of Espirito Santo, Brazil",2,2
"40120, Nouvelle-Aquitaine, France",2,2
"6th of October City, Giza Governorate, Egypt",2,2
"72660, Baden-Wurttemberg, Germany",2,0
"Aberdeen, Maryland, United States",2,2
"Aberdeen, Scotland, United Kingdom",2,2
"Acworth, Georgia, United States",2,2
"Ada, Oklahoma, United States",2,1
"Adrian, Michigan, United States",2,1
"Afyonkarahisar, Afyonkarahisar, Türkiye",2,0
"Aguanga, California, United States",2,1
"Ajman, Ajman, United Arab Emirates",2,0
"Ajo, Arizona, United States",2,2
"Aktobe, Aktobe Region, Kazakhstan",2,2
"Al Jahra, Al Jahra Governorate, Kuwait",2,0
"Alajuela, Alajuela Province, Costa Rica",2,1
"Alameda, California, United States",2,2
"Albemarle, North Carolina, United States",2,1
"Alexander City, Alabama, United States",2,1
"Allen Park, Michigan, United States",2,2
"Alliance, Nebraska, United States",2,1
"Allison Park, Pennsylvania, United States",2,2
"Alpena, Michigan, United States",2,0
"Alta, Iowa, United States",2,2
"Altamonte Springs, Florida, United States",2,2
"Altoona, Pennsylvania, United States",2,2
"Ambala, Haryana, India",2,1
"Ambato, Tungurahua, Ecuador",2,2
"Amelia, Ohio, United States",2,2
"American Fork, Utah, United States",2,1
"Ames, Iowa, United States",2,2
"Amritsar, Punjab, India",2,1
"Anaco, Anzoategui, Venezuela",2,1
"Anadarko, Oklahoma, United States",2,2
"Ananindeua, State of Para, Brazil",2,2
"Anapolis, State of Goias, Brazil",2,1
"Andrews, South Carolina, United States",2,2
"Anklam, Mecklenburg-Vorpommern, Germany",2,2
"Annandale, Virginia, United States",2,2
"Antalya, Antalya, Türkiye",2,1
"Apache Junction, Arizona, United States",2,2
"Apple Valley, Minnesota, United States",2,2
"Appleton City, Missouri, United States",2,2
"Aracatuba, State of Sao Paulo, Brazil",2,0
"Arbutus, Maryland, United States",2,0
"Arcoverde, State of Pernambuco, Brazil",2,0
"Ardmore, Oklahoma, United States",2,2
"Areal, State of Rio de Janeiro, Brazil",2,1
"Arizona City, Arizona, United States",2,2
"Arley, Alabama, United States",2,1
"Aruja, State of Sao Paulo, Brazil",2,0
"Asheville, North Carolina, United States",2,2
"Ashland, Oregon, United States",2,2
"Ashtabula, Ohio, United States",2,1
"Aubervilliers, Ile-de-France, France",2,2
"Auburn Hills, Michigan, United States",2,2
"Audubon, Pennsylvania, United States",2,2
"Aurora, Illinois, United States",2,2
"Aurora, Ontario, Canada",2,2
"Bad Axe, Michigan, United States",2,1
"Baden-Baden, Baden-Wurttemberg, Germany",2,2
"Bahadurgarh, Haryana, India",2,1
"Balasore, Odisha, India",2,1
"Baliwag, Central Luzon, Philippines",2,1
"Bamako, (not set), Mali",2,0
"Bamfield, British Columbia, Canada",2,2
"Bancroft, Ontario, Canada",2,1
"Barbacena, State of Minas Gerais, Brazil",2,2
"Barinas, Barinas, Venezuela",2,2
"Barrancabermeja, Santander, Colombia",2,0
"Barreiras, State of Bahia, Brazil",2,1
"Barrington, New Hampshire, United States",2,2
"Barron, Wisconsin, United States",2,1
"Basalt, Colorado, United States",2,2
"Bastrop, Texas, United States",2,0
"Batesville, Mississippi, United States",2,0
"Bath, England, United Kingdom",2,2
"Batna, Batna Province, Algeria",2,2
"Battle Creek, Michigan, United States",2,1
"Bauru, State of Sao Paulo, Brazil",2,2
"Bay Lake, Florida, United States",2,2
"Bay Minette, Alabama, United States",2,2
"Bayfield, Colorado, United States",2,2
"Bayonne, New Jersey, United States",2,2
"Beaumont, Texas, United States",2,2
"Bedford, Indiana, United States",2,2
"Bekasi Regency, West Java, Indonesia",2,2
"Belgrade, Vojvodina, Serbia",2,0
"Bell Ville, Cordoba Province, Argentina",2,2
"Belle Haven, Virginia, United States",2,2
"Belleville, Ontario, Canada",2,2
"Bellevue, Nebraska, United States",2,2
"Belmont, Massachusetts, United States",2,2
"Ben Tre, Vinh Long, Vietnam",2,0
"Beni-Mellal, Beni Mellal-Khenifra, Morocco",2,0
"Benicia, California, United States",2,2
"Bennett, Colorado, United States",2,1
"Benoni, Gauteng, South Africa",2,0
"Berazategui, Buenos Aires Province, Argentina",2,1
"Berea, Kentucky, United States",2,1
"Berezivka, Odesa Oblast, Ukraine",2,0
"Bergen Municipality, Vestland, Norway",2,2
"Berlin, Connecticut, United States",2,2
"Bethlehem, Pennsylvania, United States",2,1
"Betim, State of Minas Gerais, Brazil",2,0
"Bielefeld, North Rhine-Westphalia, Germany",2,2
"Big Lake, Minnesota, United States",2,2
"Big Pine, California, United States",2,1
"Big Spring, Texas, United States",2,1
"Big Timber, Montana, United States",2,0
"Bikaner, Rajasthan, India",2,1
"Bilbao, Basque Country, Spain",2,2
"Binan, Calabarzon, Philippines",2,2
"Binangonan, Calabarzon, Philippines",2,2
"Binh Long, Binh Phuoc, Vietnam",2,1
"Binh Long, Dong Nai, Vietnam",2,2
"Birmingham, Michigan, United States",2,2
"Bishkek, Bishkek City, Kyrgyzstan",2,0
"Bismarck, North Dakota, United States",2,2
"Bison, South Dakota, United States",2,0
"Blackfoot, Idaho, United States",2,2
"Bloomfield Hills, Michigan, United States",2,2
"Bloomington, Illinois, United States",2,2
"Bogura, Rajshahi Division, Bangladesh",2,1
"Bondurant, Iowa, United States",2,1
"Booneville, Arkansas, United States",2,0
"Booneville, Mississippi, United States",2,1
"Boonville, New York, United States",2,1
"Bourne, Massachusetts, United States",2,2
"Bowie, Maryland, United States",2,2
"Bowling Green, Kentucky, United States",2,2
"Bowling Green, Ohio, United States",2,2
"Bracebridge, Ontario, Canada",2,1
"Braidwood, Illinois, United States",2,2
"Branson, Missouri, United States",2,1
"Brattleboro, Vermont, United States",2,2
"Brecksville, Ohio, United States",2,2
"Bremen, Bremen, Germany",2,2
"Brent, Florida, United States",2,1
"Bridgton, Maine, United States",2,2
"Brighton, Michigan, United States",2,2
"Brighton and Hove, England, United Kingdom",2,2
"Brinkley, Arkansas, United States",2,2
"Bristol, Connecticut, United States",2,2
"Bristol, Tennessee, United States",2,2
"Bristol, Virginia, United States",2,2
"Brockton, Massachusetts, United States",2,2
"Broken Arrow, Oklahoma, United States",2,1
"Brookfield, Missouri, United States",2,0
"Brookland, Arkansas, United States",2,1
"Broomall, Pennsylvania, United States",2,2
"Brusque, State of Santa Catarina, Brazil",2,1
"Bryan, Ohio, United States",2,1
"Bryan, Texas, United States",2,2
"Buckhannon, West Virginia, United States",2,2
"Bueng Yitho, Pathum Thani, Thailand",2,2
"Bunkie, Louisiana, United States",2,1
"Burgaw, North Carolina, United States",2,0
"Burleson, Texas, United States",2,1
"Burnsville, Minnesota, United States",2,2
"Butte Valley, California, United States",2,2
"Butwal, Lumbini Province, Nepal",2,2
"Cabanatuan City, Central Luzon, Philippines",2,1
"Cagliari, Sardinia, Italy",2,1
"Caldwell, Idaho, United States",2,2
"Cam Pha, Quang Ninh, Vietnam",2,2
"Camacari, State of Bahia, Brazil",2,1
"Camas, Washington, United States",2,2
"Cambridge, Idaho, United States",2,0
"Cambridge, Minnesota, United States",2,2
"Cambridge, Nebraska, United States",2,2
"Camden, South Carolina, United States",2,1
"Campeche, Campeche, Mexico",2,0
"Campina Grande, State of Paraiba, Brazil",2,0
"Campton, New Hampshire, United States",2,1
"Canoas, State of Rio Grande do Sul, Brazil",2,0
"Canton, Mississippi, United States",2,1
"Canton, Texas, United States",2,1
"Caraguatatuba, State of Sao Paulo, Brazil",2,2
"Carefree, Arizona, United States",2,2
"Caribou, Maine, United States",2,1
"Carlos Spegazzini, Buenos Aires Province, Argentina",2,0
"Carpinteria, California, United States",2,1
"Carrizo Springs, Texas, United States",2,1
"Carrollton, Ohio, United States",2,1
"Cartago, Cartago Province, Costa Rica",2,1
"Caruthersville, Missouri, United States",2,2
"Cary, North Carolina, United States",2,2
"Casa de Oro-Mount Helix, California, United States",2,2
"Cascade, Iowa, United States",2,1
"Casselberry, Florida, United States",2,2
"Catania, Sicily, Italy",2,2
"Catskill, New York, United States",2,1
"Caxias do Sul, State of Rio Grande do Sul, Brazil",2,1
"Cedar Creek, Texas, United States",2,2
"Cedar Falls, Iowa, United States",2,2
"Celina, Ohio, United States",2,2
"Centralia, Illinois, United States",2,1
"Centre, Alabama, United States",2,2
"Chapeco, State of Santa Catarina, Brazil",2,2
"Chapel Hill, North Carolina, United States",2,2
"Chardon, Ohio, United States",2,2
"Chelyabinsk, Chelyabinsk Oblast, Russia",2,0
"Chengannur, Kerala, India",2,2
"Chernivtsi, Chernivtsi Oblast, Ukraine",2,1
"Cherry Hill Township, New Jersey, United States",2,3
"Cherry Hills Village, Colorado, United States",2,2
"Cherry Valley, California, United States",2,2
"Chesapeake, Virginia, United States",2,2
"Chia, Cundinamarca, Colombia",2,1
"Church Hill, Tennessee, United States",2,2
"Circleville, Ohio, United States",2,0
"Ciudad Evita, Buenos Aires Province, Argentina",2,1
"Ciudad Obregon, Sonora, Mexico",2,2
"Claremont, New Hampshire, United States",2,2
"Claremore, Oklahoma, United States",2,2
"Clay, New York, United States",2,2
"Clayton, Georgia, United States",2,2
"Clayton, Missouri, United States",2,2
"Clifton, Texas, United States",2,2
"Clinton, Indiana, United States",2,1
"Clintwood, Virginia, United States",2,2
"Cloquet, Minnesota, United States",2,2
"Cockeysville, Maryland, United States",2,2
"Coconut Creek, Florida, United States",2,0
"Colebrook, New Hampshire, United States",2,2
"Collierville, Tennessee, United States",2,2
"Columbia, Tennessee, United States",2,1
"Concord, Massachusetts, United States",2,2
"Concord, New Hampshire, United States",2,1
"Concordia, Entre Rios Province, Argentina",2,2
"Conway, Arkansas, United States",2,2
"Coolidge, Arizona, United States",2,2
"Cornwall, Ontario, Canada",2,1
"Corrigan, Texas, United States",2,2
"Corry, Pennsylvania, United States",2,1
"Cortland, New York, United States",2,0
"Country Club, California, United States",2,2
"Coushatta, Louisiana, United States",2,2
"Coventry, England, United Kingdom",2,1
"Covington, Kentucky, United States",2,2
"Cox's Bazar, Chittagong Division, Bangladesh",2,0
"Cranbrook, British Columbia, Canada",2,1
"Cranford, New Jersey, United States",2,2
"Crawfordsville, Indiana, United States",2,1
"Creedmoor, North Carolina, United States",2,1
"Crest, California, United States",2,2
"Criciuma, State of Santa Catarina, Brazil",2,0
"Crofton, Maryland, United States",2,2
"Crosbyton, Texas, United States",2,1
"Crystal Lake, Illinois, United States",2,2
"Cullowhee, North Carolina, United States",2,2
"Cumberland, Maryland, United States",2,1
"Cunduacan, Tabasco, Mexico",2,1
"Custer, South Dakota, United States",2,2
"Cuthbert, Georgia, United States",2,0
"Dacula, Georgia, United States",2,2
"Daejeon, Daejeon, South Korea",2,2
"Danville, Kentucky, United States",2,2
"Darien, Connecticut, United States",2,2
"Darwin, Northern Territory, Australia",2,1
"Davenport, Florida, United States",2,2
"Davenport, Iowa, United States",2,2
"Dayton, Tennessee, United States",2,1
"Decorah, Iowa, United States",2,1
"Dededo, (not set), Guam",2,1
"Dehradun, Uttarakhand, India",2,1
"Del Mar, California, United States",2,2
"Denham Springs, Louisiana, United States",2,2
"Denizli, Denizli, Türkiye",2,0
"Derby, England, United Kingdom",2,2
"Des Plaines, Illinois, United States",2,2
"Descanso, California, United States",2,2
"Desert Palms, California, United States",2,2
"Diadema, State of Sao Paulo, Brazil",2,1
"Dien Bien Phu, Dien Bien, Vietnam",2,2
"Dieppe, New Brunswick, Canada",2,2
"Diller, Nebraska, United States",2,1
"Dillon, South Carolina, United States",2,1
"Dinuba, California, United States",2,2
"Diyarbakir, Diyarbakir, Türkiye",2,1
"Djong Ha, Quang Tri, Vietnam",2,1
"Doctor Phillips, Florida, United States",2,2
"Dodgeville, Wisconsin, United States",2,2
"Doerun, Georgia, United States",2,1
"Donalsonville, Georgia, United States",2,2
"Donostia / San Sebastian, Basque Country, Spain",2,2
"Doraville, Georgia, United States",2,2
"Dosquebradas, Risaralda, Colombia",2,1
"Douala IIIe, Littoral Region, Cameroon",2,1
"Douglas, Michigan, United States",2,1
"Dover, Delaware, United States",2,1
"Dover, New Hampshire, United States",2,1
"Draper, Utah, United States",2,2
"Drexel Heights, Arizona, United States",2,2
"Drummondville, Quebec, Canada",2,2
"Dublin, Ohio, United States",2,2
"Dulce, New Mexico, United States",2,1
"Dumaguete City, Central Visayas, Philippines",2,1
"Dunedin, Florida, United States",2,1
"Dunnellon, Florida, United States",2,2
"Durango, Durango, Mexico",2,2
"Dushanbe, (not set), Tajikistan",2,2
"East District, Hsinchu City, Taiwan",2,1
"East Palo Alto, California, United States",2,2
"East Pasadena, California, United States",2,2
"East Peoria, Illinois, United States",2,2
"East Sonora, California, United States",2,1
"Eastern Goleta Valley, California, United States",2,2
"Eastman, Georgia, United States",2,1
"Economy, Pennsylvania, United States",2,2
"Edgemere, Maryland, United States",2,2
"Edmonton, Kentucky, United States",2,2
"El Centro, California, United States",2,2
"El Cerrito, California, United States",2,2
"El Dorado, Arkansas, United States",2,2
"El Jadida, Casablanca-Settat, Morocco",2,0
"El Mirage, Arizona, United States",2,2
"El Sheikh Zayed City, Giza Governorate, Egypt",2,1
"El Tigre, Anzoategui, Venezuela",2,1
"El-Mahalla El-Kubra, Gharbia Governorate, Egypt",2,1
"Elizabeth City, North Carolina, United States",2,1
"Ellsworth, Iowa, United States",2,2
"Elmhurst, Illinois, United States",2,2
"Emily, Minnesota, United States",2,1
"Englewood, Florida, United States",2,1
"Ephrata, Pennsylvania, United States",2,2
"Erie, Colorado, United States",2,1
"Esmeraldas, Esmeraldas, Ecuador",2,1
"Essen, North Rhine-Westphalia, Germany",2,2
"Essex Fells, New Jersey, United States",2,2
"Estevan, Saskatchewan, Canada",2,2
"Eufaula, Alabama, United States",2,2
"Evart, Michigan, United States",2,1
"Fairbanks, Alaska, United States",2,2
"Fairborn, Ohio, United States",2,1
"Fairfield, Connecticut, United States",2,1
"Fairfield, Illinois, United States",2,2
"Fairview, Tennessee, United States",2,2
"Fakenham, England, United Kingdom",2,2
"Falkenstein, Saxony, Germany",2,2
"Falls City, Nebraska, United States",2,0
"Faridabad, Haryana, India",2,2
"Farmington, Maine, United States",2,1
"Farmington Hills, Michigan, United States",2,1
"Farragut, Tennessee, United States",2,2
"Fayetteville, Tennessee, United States",2,1
"Fenton, Michigan, United States",2,2
"Fishers Island, New York, United States",2,1
"Fitzgerald, Georgia, United States",2,1
"Florence, Tuscany, Italy",2,2
"Florence-Graham, California, United States",2,2
"Florencio Varela, Buenos Aires Province, Argentina",2,1
"Florin, California, United States",2,2
"Fond du Lac, Wisconsin, United States",2,1
"Forest Lake, Minnesota, United States",2,0
"Forest Park, Illinois, United States",2,2
"Foresthill, California, United States",2,2
"Formosa, Formosa Province, Argentina",2,0
"Fort Edward, New York, United States",2,2
"Fort Lee, New Jersey, United States",2,2
"Fort Morgan, Colorado, United States",2,2
"Fort Pierce, Florida, United States",2,2
"Fort Smith, Arkansas, United States",2,2
"Fowler, California, United States",2,2
"Fowler, Indiana, United States",2,2
"Foz do Iguacu, State of Parana, Brazil",2,1
"Franca, State of Sao Paulo, Brazil",2,1
"Franconia, Virginia, United States",2,2
"Franklin, Massachusetts, United States",2,2
"Franklinton, Louisiana, United States",2,1
"Fremont, Michigan, United States",2,1
"Fremont, Ohio, United States",2,2
"Fujairah, Fujairah, United Arab Emirates",2,1
"Gainesville, Virginia, United States",2,1
"Garden City, New York, United States",2,2
"Garden City, Utah, United States",2,0
"Gardner, Kansas, United States",2,2
"Gatesville, Texas, United States",2,2
"Gaylord, Michigan, United States",2,0
"Gelsenkirchen, North Rhine-Westphalia, Germany",2,2
"Geneva, Nebraska, United States",2,1
"George Town, George Town, Cayman Islands",2,2
"Germantown, Maryland, United States",2,2
"Gillette, Wyoming, United States",2,1
"Glastonbury, Connecticut, United States",2,2
"Glennville, Georgia, United States",2,1
"Glens Falls, New York, United States",2,2
"Glenwood, Arkansas, United States",2,2
"Go Cong, Tien Giang, Vietnam",2,0
"Golcuk, Kocaeli, Türkiye",2,1
"Gold Coast, Queensland, Australia",2,2
"Gordon, Nebraska, United States",2,0
"Governador Valadares, State of Minas Gerais, Brazil",2,1
"Grafton, West Virginia, United States",2,1
"Grafton, Wisconsin, United States",2,2
"Grand Rapids, Minnesota, United States",2,2
"Grayling, Michigan, United States",2,0
"Graz, Styria, Austria",2,2
"Greater Carrollwood, Florida, United States",2,2
"Greater Noida, Uttar Pradesh, India",2,1
"Greeneville, Tennessee, United States",2,0
"Greensburg, Indiana, United States",2,2
"Greifswald, Mecklenburg-Vorpommern, Germany",2,1
"Grenada, Mississippi, United States",2,1
"Grimma, Saxony, Germany",2,1
"Guaira, State of Parana, Brazil",2,0
"Guanajuato, Guanajuato, Mexico",2,2
"Guaraciaba do Norte, Ceara, Brazil",2,1
"Guarapari, State of Espirito Santo, Brazil",2,0
"Guarapuava, State of Parana, Brazil",2,0
"Guatire, Miranda, Venezuela",2,0
"Gujrat, Punjab, Pakistan",2,0
"Gun Barrel City, Texas, United States",2,2
"Gypsum, Colorado, United States",2,2
"Gyumri, Shirak Province, Armenia",2,1
"Haarlem, North Holland, Netherlands",2,2
"Hagerstown, Maryland, United States",2,2
"Haifa, Haifa District, Israel",2,2
"Hail, Hail Province, Saudi Arabia",2,0
"Haltom City, Texas, United States",2,2
"Hamilton, New York, United States",2,0
"Hamlet, North Carolina, United States",2,1
"Hancock, Maryland, United States",2,1
"Hanover, Pennsylvania, United States",2,2
"Harare, Harare Province, Zimbabwe",2,0
"Harbor Beach, Michigan, United States",2,1
"Harbor Springs, Michigan, United States",2,2
"Hardinsburg, Kentucky, United States",2,2
"Hardwick, Vermont, United States",2,0
"Harriman, Tennessee, United States",2,1
"Harrisburg, Pennsylvania, United States",2,2
"Hauppauge, New York, United States",2,2
"Hawthorne, New Jersey, United States",2,2
"Hays, Kansas, United States",2,2
"Hazleton, Pennsylvania, United States",2,1
"Hearst, Ontario, Canada",2,1
"Heath, Texas, United States",2,2
"Hebron (Al Khalil), (not set), Palestine",2,1
"Heemskerk, North Holland, Netherlands",2,2
"Heflin, Alabama, United States",2,2
"Helsinki, Uusimaa, Finland",2,1
"Henderson, North Carolina, United States",2,1
"Heroica Veracruz, Veracruz, Mexico",2,1
"Herriman, Utah, United States",2,2
"Hesston, Kansas, United States",2,1
"Highland, Utah, United States",2,2
"Highland Park, Illinois, United States",2,2
"Hingham, Massachusetts, United States",2,2
"Hinsdale, Illinois, United States",2,2
"Hinsdale, Massachusetts, United States",2,2
"Hoa Lu, Ninh Binh, Vietnam",2,1
"Hobbs, New Mexico, United States",2,2
"Hoboken, New Jersey, United States",2,1
"Hockessin, Delaware, United States",2,1
"Holdorf, Lower Saxony, Germany",2,2
"Holdrege, Nebraska, United States",2,2
"Holland, Michigan, United States",2,2
"Holly Springs, Georgia, United States",2,2
"Holly Springs, North Carolina, United States",2,2
"Hopkinton, Massachusetts, United States",2,2
"Horlivka, Donetsk Oblast, Ukraine",2,1
"Hornell, New York, United States",2,2
"Hoschton, Georgia, United States",2,2
"Houghton, Michigan, United States",2,0
"Houlton, Maine, United States",2,2
"Huddersfield, England, United Kingdom",2,2
"Hudson, Wisconsin, United States",2,2
"Hudsonville, Michigan, United States",2,2
"Huntersville, North Carolina, United States",2,1
"Huntingdon, Pennsylvania, United States",2,2
"Huong Thuy, Hue, Vietnam",2,1
"Huong Tra, Hue, Vietnam",2,0
"Hurst, Texas, United States",2,2
"Hyattsville, Maryland, United States",2,1
"Immokalee, Florida, United States",2,1
"Imphal, Manipur, India",2,1
"Independence, Ohio, United States",2,2
"Invermere, British Columbia, Canada",2,2
"Ipiales, Narino, Colombia",2,0
"Irbid, Irbid Governorate, Jordan",2,1
"Irmo, South Carolina, United States",2,2
"Ironton, Ohio, United States",2,1
"Isparta, Isparta, Türkiye",2,1
"Itajai, State of Santa Catarina, Brazil",2,1
"Itapecerica da Serra, State of Sao Paulo, Brazil",2,0
"Itapira, State of Sao Paulo, Brazil",2,0
"Itupeva, State of Sao Paulo, Brazil",2,1
"Jacarei, State of Sao Paulo, Brazil",2,0
"Jackson, Mississippi, United States",2,2
"Jakobsberg, Stockholm County, Sweden",2,2
"Jashore, Khulna Division, Bangladesh",2,1
"Jasper, Alabama, United States",2,1
"Jaunpur, Uttar Pradesh, India",2,2
"Jeffersonville, Ohio, United States",2,0
"Jelutong, Penang, Malaysia",2,2
"Johannesburg, Gauteng, South Africa",2,1
"Johns Island, South Carolina, United States",2,2
"Johnson City, Tennessee, United States",2,1
"Johor Bahru, Johor, Malaysia",2,2
"Jonkoping, Jonkoping County, Sweden",2,2
"Joplin, Missouri, United States",2,2
"Jose Leon Suarez, Buenos Aires Province, Argentina",2,0
"Juja, Kiambu County, Kenya",2,1
"Jupiter, Florida, United States",2,2
"Kahramanmaras, Kahramanmaras, Türkiye",2,1
"Kailua-Kona, Hawaii, United States",2,2
"Kaluga, Kaluga Oblast, Russia",2,1
"Kalyan, Maharashtra, India",2,2
"Karlstad, Minnesota, United States",2,2
"Kaspiysk, Republic of Dagestan, Russia",2,2
"Kassel, Hessen, Germany",2,2
"Kawartha Lakes, Ontario, Canada",2,2
"Kayseri, Kayseri, Türkiye",2,1
"Kearney, Nebraska, United States",2,2
"Kearny, Arizona, United States",2,0
"Keraniganj, Dhaka Division, Bangladesh",2,1
"Kernersville, North Carolina, United States",2,2
"Khabarovsk, Khabarovsk Krai, Russia",2,1
"Khammam, Telangana, India",2,2
"Kiel, Schleswig-Holstein, Germany",2,2
"Kihei, Hawaii, United States",2,2
"Kincardine, Ontario, Canada",2,2
"King of Prussia, Pennsylvania, United States",2,2
"Kingfield, Maine, United States",2,1
"Kingsley, Michigan, United States",2,1
"Kingston, Ontario, Canada",2,2
"Kingsville, Ontario, Canada",2,2
"Kirksville, Missouri, United States",2,2
"Kirtipur, Bagmati Province, Nepal",2,2
"Kissimmee, Florida, United States",2,2
"Kitengela, Kajiado County, Kenya",2,0
"Kota Kinabalu, Sabah, Malaysia",2,1
"Kozhikode, Kerala, India",2,1
"Kumasi, Ashanti Region, Ghana",2,1
"Kupang, East Nusa Tenggara, Indonesia",2,0
"La Crosse, Wisconsin, United States",2,2
"La Grange, Illinois, United States",2,2
"La Paz, Canelones Department, Uruguay",2,0
"La Plata, Buenos Aires Province, Argentina",2,1
"La Porte, Indiana, United States",2,1
"La Porte City, Iowa, United States",2,1
"Labelle, Quebec, Canada",2,1
"Lac-Megantic, Quebec, Canada",2,1
"Lake Arbor, Maryland, United States",2,2
"Lake Charles, Louisiana, United States",2,1
"Lake Mathews, California, United States",2,2
"Lake Stevens, Washington, United States",2,2
"Lakeway, Texas, United States",2,2
"Lakewood Ranch, Florida, United States",2,2
"Lakshmipur, Chittagong Division, Bangladesh",2,0
"Lamar, Colorado, United States",2,0
"Lancaster, New Hampshire, United States",2,2
"Lancaster, New York, United States",2,2
"Lancaster, Ohio, United States",2,2
"Lapeer, Michigan, United States",2,2
"Largo, Florida, United States",2,1
"Larned, Kansas, United States",2,2
"Las Animas, Colorado, United States",2,1
"Las Heras, Mendoza Province, Argentina",2,1
"Lathrop, California, United States",2,2
"Laurens, South Carolina, United States",2,2
"Lawrenceburg, Kentucky, United States",2,1
"Lawrenceburg, Tennessee, United States",2,1
"League City, Texas, United States",2,2
"Leawood, Kansas, United States",2,2
"Lenoir City, Tennessee, United States",2,1
"Leon, Guanajuato, Mexico",2,0
"Lewis Center, Ohio, United States",2,2
"Lewistown, Pennsylvania, United States",2,1
"Lewisville, Texas, United States",2,2
"Libby, Montana, United States",2,0
"Libourne, Nouvelle-Aquitaine, France",2,2
"Lincoln, California, United States",2,2
"Lindon, Utah, United States",2,2
"Linganore-Bartonsville, Maryland, United States",2,2
"Lins, State of Sao Paulo, Brazil",2,1
"Lipetsk, Lipetsk Oblast, Russia",2,1
"Lithia Springs, Georgia, United States",2,1
"Little Falls Township, New Jersey, United States",2,1
"Littleton, Colorado, United States",2,1
"Ljubljana, Ljubljana, Slovenia",2,2
"Lock Haven, Pennsylvania, United States",2,1
"Lockwood, Missouri, United States",2,1
"Logansport, Indiana, United States",2,1
"Lomita, California, United States",2,2
"London, Kentucky, United States",2,2
"Londonderry, New Hampshire, United States",2,2
"Long Beach, Mississippi, United States",2,1
"Long Beach, New Jersey, United States",2,2
"Long Neck, Delaware, United States",2,2
"Los Altos Hills, California, United States",2,2
"Louisa, Kentucky, United States",2,1
"Louisburg, North Carolina, United States",2,2
"Louisiana, Missouri, United States",2,1
"Lovington, New Mexico, United States",2,2
"Lowell, Massachusetts, United States",2,2
"Lucas, Texas, United States",2,1
"Lucerne Valley, California, United States",2,1
"Ludington, Michigan, United States",2,1
"Lunglei, Mizoram, India",2,2
"Luxor, Luxor Governorate, Egypt",2,2
"Mabank, Texas, United States",2,2
"Macon, Mississippi, United States",2,0
"Madill, Oklahoma, United States",2,1
"Madison, Indiana, United States",2,2
"Madison, Mississippi, United States",2,1
"Madisonville, Texas, United States",2,1
"Madiun, East Java, Indonesia",2,1
"Mahnomen, Minnesota, United States",2,1
"Mainz, Rhineland-Palatinate, Germany",2,2
"Maiquetia, La Guaira, Venezuela",2,2
"Majadahonda, Madrid, Spain",2,2
"Makati City, Metro Manila, Philippines",2,0
"Makhachkala, Republic of Dagestan, Russia",2,1
"Malay, Western Visayas, Philippines",2,2
"Malden, Missouri, United States",2,1
"Malolos, Central Luzon, Philippines",2,0
"Manaus, State of Amazonas, Brazil",2,0
"Mancherial, Telangana, India",2,2
"Mandeville, Louisiana, United States",2,0
"Manistique, Michigan, United States",2,1
"Manolo Fortich, Northern Mindanao, Philippines",2,0
"Mansfield, Ohio, United States",2,2
"Mansfield, Texas, United States",2,2
"Mar del Plata, Buenos Aires Province, Argentina",2,0
"Mardan, Khyber Pakhtunkhwa, Pakistan",2,2
"Marietta, Ohio, United States",2,2
"Marina, California, United States",2,2
"Maringa, State of Parana, Brazil",2,0
"Marion, North Carolina, United States",2,0
"Markham, Ontario, Canada",2,2
"Marlboro, New York, United States",2,2
"Marshall, Texas, United States",2,1
"Martinsburg, West Virginia, United States",2,2
"Massena, New York, United States",2,2
"Maturin, Monagas, Venezuela",2,1
"Medfield, Massachusetts, United States",2,2
"Medina, New York, United States",2,1
"Medina, Ohio, United States",2,1
"Melbourne, Florida, United States",2,2
"Menomonee Falls, Wisconsin, United States",2,2
"Mentor, Ohio, United States",2,2
"Merrifield, Virginia, United States",2,2
"Merrillville, Indiana, United States",2,2
"Mersin, Mersin, Türkiye",2,0
"Miami Gardens, Florida, United States",2,1
"Miami Springs, Florida, United States",2,2
"Middlebury, Vermont, United States",2,1
"Middletown Township, New Jersey, United States",2,2
"Midland, Ontario, Canada",2,1
"Midland, Texas, United States",2,2
"Midway, Georgia, United States",2,2
"Miles City, Montana, United States",2,2
"Milford, Michigan, United States",2,2
"Milledgeville, Georgia, United States",2,1
"Millville, New Jersey, United States",2,2
"Milton, Ontario, Canada",2,2
"Minsk, Minsk Region, Belarus",2,0
"Miramar Beach, Florida, United States",2,1
"Moab, Utah, United States",2,1
"Mobile, Alabama, United States",2,2
"Mogi Guacu, State of Sao Paulo, Brazil",2,0
"Mombasa, Mombasa County, Kenya",2,2
"Monroe, Ohio, United States",2,2
"Monroe Township, New Jersey, United States",2,2
"Monroeville, Alabama, United States",2,1
"Monroeville, Pennsylvania, United States",2,2
"Montauk, New York, United States",2,1
"Montecito, California, United States",2,2
"Montego Bay, St. James Parish, Jamaica",2,1
"Monteria, Cordoba, Colombia",2,0
"Montgomery Village, Maryland, United States",2,2
"Montgomeryville, Pennsylvania, United States",2,1
"Monticello, Florida, United States",2,1
"Montpellier, Occitanie, France",2,1
"Montrose, Colorado, United States",2,2
"Montrose-Ghent, Ohio, United States",2,2
"Montville, New Jersey, United States",2,2
"Moore, Oklahoma, United States",2,2
"Moradabad, Uttar Pradesh, India",2,1
"Morehead City, North Carolina, United States",2,2
"Morenci, Arizona, United States",2,2
"Moreno, Buenos Aires Province, Argentina",2,1
"Morro Bay, California, United States",2,2
"Mossel Bay, Western Cape, South Africa",2,1
"Mount Pleasant, South Carolina, United States",2,2
"Mount Sterling, Kentucky, United States",2,0
"Mount Vernon, New York, United States",2,2
"Moville, Iowa, United States",2,0
"Mueang Pattani District, Pattani, Thailand",2,1
"Murfreesboro, North Carolina, United States",2,2
"Murphy, Missouri, United States",2,2
"Murray, Kentucky, United States",2,1
"Murray, Utah, United States",2,2
"Mymensingh, Mymensingh Division, Bangladesh",2,1
"Mysuru, Karnataka, India",2,1
"Nablus, (not set), Palestine",2,0
"Nador, Oriental, Morocco",2,1
"Nai Mueang, Kamphaeng Phet, Thailand",2,2
"Najran, Najran Province, Saudi Arabia",2,1
"Nakuru, Nakuru County, Kenya",2,0
"Nanded, Maharashtra, India",2,1
"Nanjing, Jiangsu, China",2,1
"Naples, Campania, Italy",2,2
"Nappanee, Indiana, United States",2,2
"Nassau, (not set), Bahamas",2,2
"Naval Air Station Point Mugu, California, United States",2,2
"Navegantes, State of Santa Catarina, Brazil",2,0
"Needham, Massachusetts, United States",2,2
"New Berlin, Wisconsin, United States",2,1
"New Boston, Texas, United States",2,1
"New Brighton, Minnesota, United States",2,2
"New Haven, Indiana, United States",2,1
"New Iberia, Louisiana, United States",2,1
"New Martinsville, West Virginia, United States",2,2
"New Milford, Connecticut, United States",2,2
"New Richmond, Wisconsin, United States",2,2
"New River, Arizona, United States",2,2
"New Rochelle, New York, United States",2,2
"New Smyrna Beach, Florida, United States",2,2
"Newburgh, New York, United States",2,1
"Newcastle, Wyoming, United States",2,1
"Newmarket, Ontario, Canada",2,1
"Newport, Tennessee, United States",2,2
"Newton, North Carolina, United States",2,0
"Ngoro, East Java, Indonesia",2,1
"Niagara Falls, Ontario, Canada",2,2
"Nice, Provence-Alpes-Cote d'Azur, France",2,2
"Niles, Illinois, United States",2,2
"Nipomo, California, United States",2,1
"Noblesville, Indiana, United States",2,2
"Nocona, Texas, United States",2,0
"Nolensville, Tennessee, United States",2,2
"Norfolk, Nebraska, United States",2,2
"North Lakeport, California, United States",2,2
"North Miami Beach, Florida, United States",2,1
"North Ogden, Utah, United States",2,2
"North Ridgeville, Ohio, United States",2,2
"North Saanich, British Columbia, Canada",2,2
"Northampton, England, United Kingdom",2,2
"Northglenn, Colorado, United States",2,2
"Norwich, Connecticut, United States",2,2
"Novato, California, United States",2,2
"Novo Hamburgo, State of Rio Grande do Sul, Brazil",2,2
"Nuevo, California, United States",2,2
"Oak Bluffs, Massachusetts, United States",2,2
"Oak Brook, Illinois, United States",2,2
"Oak Hill, West Virginia, United States",2,0
"Oak Hills, California, United States",2,2
"Oak Park, California, United States",2,2
"Oberdorla, Thuringia, Germany",2,2
"Ocean City, New Jersey, United States",2,2
"Ogdensburg, New York, United States",2,0
"Okeechobee, Florida, United States",2,1
"Olivia, Minnesota, United States",2,1
"Olongapo City, Central Luzon, Philippines",2,2
"Omsk, Omsk Oblast, Russia",2,2
"Oneida, New York, United States",2,2
"Oran, Oran Province, Algeria",2,1
"Orangevale, California, United States",2,2
"Orangeville, Ontario, Canada",2,2
"Oranjestad, (not set), Aruba",2,2
"Orenburg, Orenburg Oblast, Russia",2,2
"Oruro, Oruro Department, Bolivia",2,2
"Osaka, Osaka, Japan",2,2
"Osasco, State of Sao Paulo, Brazil",2,1
"Oskaloosa, Iowa, United States",2,2
"Osvaldo Cruz, State of Sao Paulo, Brazil",2,0
"Ottumwa, Iowa, United States",2,2
"Ourinhos, State of Sao Paulo, Brazil",2,1
"Oxford, Mississippi, United States",2,2
"Oyster Bay, New York, United States",2,1
"Pachuca, Hidalgo, Mexico",2,0
"Pacifica, California, United States",2,2
"Paderborn, North Rhine-Westphalia, Germany",2,2
"Page, Arizona, United States",2,1
"Pageland, South Carolina, United States",2,1
"Palatine, Illinois, United States",2,2
"Palhoca, State of Santa Catarina, Brazil",2,0
"Palm Valley, Florida, United States",2,1
"Palos Hills, Illinois, United States",2,2
"Panipat, Haryana, India",2,2
"Paradise Valley, Arizona, United States",2,2
"Paramount, California, United States",2,2
"Paranaque, Metro Manila, Philippines",2,0
"Pardes Hanna-Karkur, Haifa District, Israel",2,1
"Parepare, South Sulawesi, Indonesia",2,1
"Park Falls, Wisconsin, United States",2,2
"Parker, Arizona, United States",2,2
"Parksville, British Columbia, Canada",2,2
"Parkville, Maryland, United States",2,2
"Parsons, Kansas, United States",2,2
"Paso Robles, California, United States",2,2
"Pasto, Narino, Colombia",2,0
"Patna, Bihar, India",2,1
"Peabody, Kansas, United States",2,1
"Pereira, Risaralda, Colombia",2,0
"Perham, Minnesota, United States",2,1
"Perry, Georgia, United States",2,2
"Perryton, Texas, United States",2,1
"Peshawar, Khyber Pakhtunkhwa, Pakistan",2,0
"Phalaborwa, Limpopo, South Africa",2,2
"Phu Ly, Ha Nam, Vietnam",2,1
"Piedmont, Alabama, United States",2,1
"Pietermaritzburg, KwaZulu-Natal, South Africa",2,1
"Pinamalayan, Mimaropa, Philippines",2,2
"Pine, Arizona, United States",2,0
"Pinellas Park, Florida, United States",2,2
"Piracicaba, State of Sao Paulo, Brazil",2,1
"Pittsburg, California, United States",2,2
"Pittsfield, Massachusetts, United States",2,2
"Plain Dealing, Louisiana, United States",2,0
"Plainfield, Indiana, United States",2,2
"Plainfield, Vermont, United States",2,1
"Plauen, Saxony, Germany",2,2
"Plover, Wisconsin, United States",2,0
"Plymouth, Indiana, United States",2,2
"Pohang-si, Gyeongsangbuk-do, South Korea",2,2
"Poinciana, Florida, United States",2,2
"Pollock Pines, California, United States",2,2
"Ponta Pora, State of Mato Grosso do Sul, Brazil",2,0
"Pontianak, West Kalimantan, Indonesia",2,2
"Port Washington, Wisconsin, United States",2,2
"Portoviejo, Manabi, Ecuador",2,0
"Potomac, Maryland, United States",2,2
"Pottsville, Pennsylvania, United States",2,1
"Poughkeepsie, New York, United States",2,1
"Powell River, British Columbia, Canada",2,1
"Powhatan, Virginia, United States",2,1
"Prairie du Chien, Wisconsin, United States",2,1
"Prebbleton, Canterbury Region, New Zealand",2,1
"Prestonsburg, Kentucky, United States",2,1
"Princeton, Minnesota, United States",2,0
"Pristina, District of Prishtine, Kosovo",2,2
"Pueblo West, Colorado, United States",2,2
"Pulaski, Tennessee, United States",2,0
"Pulaski, Virginia, United States",2,1
"Punta Cana, La Altagracia Province, Dominican Republic",2,1
"Pyatigorsk, Stavropol Krai, Russia",2,1
"Quang Ngai, Quang Ngai, Vietnam",2,1
"Quang Yen, Quang Ninh, Vietnam",2,0
"Quetta, Balochistan, Pakistan",2,1
"Quy Nhon, Gia Lai, Vietnam",2,1
"Rabat, Rabat-Sale-Kenitra, Morocco",2,1
"Rahim Yar Khan, Punjab, Pakistan",2,0
"Rajapalayam, Tamil Nadu, India",2,2
"Rajkot, Gujarat, India",2,2
"Ramos Mejia, Buenos Aires Province, Argentina",2,0
"Randburg, Gauteng, South Africa",2,2
"Raritan Township, New Jersey, United States",2,1
"Readington Township, New Jersey, United States",2,2
"Recife, State of Pernambuco, Brazil",2,1
"Redlands, Colorado, United States",2,2
"Registro, State of Sao Paulo, Brazil",2,2
"Ribnita, Administrative-Territorial Units of the Left Bank of the Dniester, Moldova",2,1
"Richmond, Kentucky, United States",2,1
"Richmond Heights, Missouri, United States",2,2
"Richmond West, Florida, United States",2,2
"Ridgefield, Washington, United States",2,2
"Ridgefield Park, New Jersey, United States",2,2
"Rio Cuarto, Cordoba Province, Argentina",2,0
"Rio del Mar, California, United States",2,2
"Rishon LeZion, Center District, Israel",2,1
"Rivadavia, San Juan Province, Argentina",2,0
"Riviere-du-Loup, Quebec, Canada",2,1
"Rivne, Rivne Oblast, Ukraine",2,1
"Roanoke, Virginia, United States",2,2
"Roberts Creek, British Columbia, Canada",2,2
"Rochester, New York, United States",2,2
"Rockvale, Tennessee, United States",2,2
"Rockville, Indiana, United States",2,0
"Rocky Mount, North Carolina, United States",2,1
"Rogersville, Missouri, United States",2,2
"Rome, New York, United States",2,2
"Roosevelt, Utah, United States",2,0
"Rosario, Santa Fe Province, Argentina",2,1
"Rouyn-Noranda, Quebec, Canada",2,1
"Royston, Georgia, United States",2,1
"Ruiru, Kiambu County, Kenya",2,0
"Rusk, Texas, United States",2,0
"Saarbrucken, Saarland, Germany",2,1
"Saddlebrooke, Arizona, United States",2,2
"Safford, Arizona, United States",2,2
"Saginaw, Michigan, United States",2,1
"Saguenay, Quebec, Canada",2,2
"Saint Charles, Missouri, United States",2,2
"Saint Johns, Michigan, United States",2,2
"Saint Matthews, Kentucky, United States",2,2
"Sale, Victoria, Australia",2,2
"Salem, Kentucky, United States",2,2
"Salina, Kansas, United States",2,2
"Saline, Michigan, United States",2,2
"Salmon Arm, British Columbia, Canada",2,1
"Salta, Salta Province, Argentina",2,1
"Samarinda, East Kalimantan, Indonesia",2,0
"San Antonio, Valparaiso, Chile",2,0
"San Augustine, Texas, United States",2,0
"San Carlos, California, United States",2,2
"San Cristobal de las Casas, Chiapas, Mexico",2,0
"San Fernando, California, United States",2,2
"San Isidro de El General, San Jose Province, Costa Rica",2,1
"San Juan, San Juan, Puerto Rico",2,1
"San Juan, San Juan Province, Argentina",2,0
"San Leandro, California, United States",2,2
"San Luis, San Luis Province, Argentina",2,0
"San Marino, California, United States",2,2
"San Rafael, Mendoza Province, Argentina",2,1
"Sanatoga, Pennsylvania, United States",2,2
"Santa Rosa, La Pampa Province, Argentina",2,1
"Santa Teresa del Tuy, Miranda, Venezuela",2,2
"Santana do Ipanema, State of Alagoas, Brazil",2,1
"Santiago Papasquiaro, Durango, Mexico",2,1
"Santiago del Estero, Santiago del Estero Province, Argentina",2,1
"Santo Andre, State of Sao Paulo, Brazil",2,0
"Santo Angelo, State of Rio Grande do Sul, Brazil",2,0
"Santo Antonio de Padua, State of Rio de Janeiro, Brazil",2,0
"Sao Carlos, State of Sao Paulo, Brazil",2,1
"Sapporo, Hokkaido, Japan",2,2
"Saratoga Springs, Utah, United States",2,2
"Sartell, Minnesota, United States",2,2
"Saugerties, New York, United States",2,2
"Savar, Dhaka Division, Bangladesh",2,0
"Schenectady, New York, United States",2,2
"Schertz, Texas, United States",2,1
"Scottdale, Georgia, United States",2,2
"Scranton, Pennsylvania, United States",2,2
"Seaford, Delaware, United States",2,2
"Sebokeng, Gauteng, South Africa",2,1
"Senhor do Bonfim, State of Bahia, Brazil",2,0
"Seongnam-si, Gyeonggi-do, South Korea",2,2
"Sharonville, Ohio, United States",2,2
"Shawnee, Oklahoma, United States",2,1
"Shelby, Ohio, United States",2,2
"Shenandoah, Iowa, United States",2,2
"Sherburn, Minnesota, United States",2,2
"Sherwood Park, Alberta, Canada",2,2
"Shibuya, Tokyo, Japan",2,2
"Shields, Michigan, United States",2,2
"Short Pump, Virginia, United States",2,2
"Show Low, Arizona, United States",2,2
"Shymkent, (not set), Kazakhstan",2,0
"Sidney, British Columbia, Canada",2,2
"Sidon, South Governorate, Lebanon",2,0
"Sienna, Texas, United States",2,2
"Sierra Blanca, Texas, United States",2,2
"Sierra Vista, Arizona, United States",2,2
"Signal Hill, California, United States",2,2
"Siliguri, West Bengal, India",2,2
"Silverthorne, Colorado, United States",2,2
"Slayton, Minnesota, United States",2,0
"Slidell, Louisiana, United States",2,1
"Smithville, Tennessee, United States",2,2
"Sohag, Sohag Governorate, Egypt",2,1
"Somerset, Wisconsin, United States",2,2
"South Kingstown, Rhode Island, United States",2,2
"South Salt Lake, Utah, United States",2,2
"South Tangerang, Banten, Indonesia",2,1
"Southampton, England, United Kingdom",2,2
"Southold, New York, United States",2,1
"Sparta, Missouri, United States",2,1
"Spartanburg, South Carolina, United States",2,1
"Spencer, Iowa, United States",2,2
"Split, Split-Dalmatia County, Croatia",2,1
"Spring Hill, Florida, United States",2,2
"Spring Valley Lake, California, United States",2,1
"Springfield, Georgia, United States",2,1
"Springfield, Massachusetts, United States",2,2
"Springfield, Missouri, United States",2,1
"Springfield, Nebraska, United States",2,1
"Squamish, British Columbia, Canada",2,2
"Srinagar, Jammu and Kashmir, India",2,1
"St. John's, Newfoundland and Labrador, Canada",2,2
"St. Peters, Missouri, United States",2,2
"Star, Idaho, United States",2,2
"Statesboro, Georgia, United States",2,2
"Stephenville, Texas, United States",2,2
"Sterling, Colorado, United States",2,1
"Stonecrest, Georgia, United States",2,2
"Stonington, Connecticut, United States",2,2
"Strasbourg, Grand Est, France",2,2
"Stuart, Florida, United States",2,2
"Subang Jaya, Selangor, Malaysia",2,2
"Suez, Suez Governorate, Egypt",2,1
"Suffolk, Virginia, United States",2,2
"Suitland-Silver Hill, Maryland, United States",2,2
"Sulphur Springs, Texas, United States",2,0
"Sumqayit, Sumqayit, Azerbaijan",2,1
"Sun Lakes, Arizona, United States",2,2
"Sundsvall, Vasternorrland County, Sweden",2,1
"Sunrise, Florida, United States",2,2
"Surakarta, Central Java, Indonesia",2,0
"Suwon-si, Gyeonggi-do, South Korea",2,1
"Suzano, State of Sao Paulo, Brazil",2,1
"Swainsboro, Georgia, United States",2,1
"Sylt, Schleswig-Holstein, Germany",2,2
"Syracuse, Indiana, United States",2,2
"Taboao da Serra, State of Sao Paulo, Brazil",2,0
"Tabuk, Tabuk Province, Saudi Arabia",2,0
"Tagum, Davao Region, Philippines",2,0
"Taif, Makkah Province, Saudi Arabia",2,1
"Tallinn, Harju County, Estonia",2,2
"Tampere, Pirkanmaa, Finland",2,2
"Tampico, Tamaulipas, Mexico",2,1
"Tanque Verde, Arizona, United States",2,2
"Taraz, Jambyl Region, Kazakhstan",2,1
"Tarlac City, Central Luzon, Philippines",2,1
"Tarrytown, New York, United States",2,2
"Tawau, Sabah, Malaysia",2,0
"Tay Ninh, Tay Ninh, Vietnam",2,1
"Taylors, South Carolina, United States",2,1
"Teaneck, New Jersey, United States",2,1
"Teluk Ambon, Maluku, Indonesia",2,0
"Tepatitlan de Morelos, Jalisco, Mexico",2,2
"Tepic, Nayarit, Mexico",2,2
"Teresina, State of Piaui, Brazil",2,2
"Terrace, British Columbia, Canada",2,1
"Thai Hoa, Nghe An, Vietnam",2,0
"Thermopolis, Wyoming, United States",2,0
"Thibodaux, Louisiana, United States",2,1
"Thies, Thies Region, Senegal",2,0
"Thimphu, Thimphu, Bhutan",2,0
"Thomasville, Georgia, United States",2,2
"Thorold, Ontario, Canada",2,1
"Tiangua, Ceara, Brazil",2,1
"Tiburon, California, United States",2,2
"Tiruvannamalai, Tamil Nadu, India",2,2
"Towanda, Pennsylvania, United States",2,1
"Tra Vinh, Vinh Long, Vietnam",2,0
"Tracy, California, United States",2,2
"Trail, British Columbia, Canada",2,2
"Tremonton, Utah, United States",2,0
"Trenton, Florida, United States",2,1
"Tres Passos, State of Rio Grande do Sul, Brazil",2,2
"Trinidad, Beni Department, Bolivia",2,2
"Trophy Club, Texas, United States",2,2
"Trussville, Alabama, United States",2,0
"Tuba City, Arizona, United States",2,1
"Tupelo, Mississippi, United States",2,0
"Turin, Piedmont, Italy",2,1
"Turmero, Aragua, Venezuela",2,1
"Turner, Maine, United States",2,2
"Tuttle, Oklahoma, United States",2,0
"Tuy Hoa, Dak Lak, Vietnam",2,1
"Tver, Tver Oblast, Russia",2,1
"Two Rivers, Wisconsin, United States",2,1
"Uba, State of Minas Gerais, Brazil",2,2
"Uman, Cherkasy Oblast, Ukraine",2,2
"Union, Missouri, United States",2,2
"Union, New Jersey, United States",2,2
"Union City, California, United States",2,2
"Union Hill-Novelty Hill, Washington, United States",2,1
"Uniondale, New York, United States",2,2
"Uniontown, Pennsylvania, United States",2,2
"Upper Arlington, Ohio, United States",2,2
"Upper Saddle River, New Jersey, United States",2,2
"Upper Township, New Jersey, United States",2,1
"Urbandale, Iowa, United States",2,2
"Utica, New York, United States",2,2
"Valencia, Valencian Community, Spain",2,2
"Valladolid, Yucatan, Mexico",2,1
"Valley Park, Missouri, United States",2,2
"Vandalia, Ohio, United States",2,2
"Vanderhoof, British Columbia, Canada",2,1
"Varna, Varna, Bulgaria",2,1
"Vernon, Texas, United States",2,1
"Vernon Hills, Illinois, United States",2,2
"Versailles, Indiana, United States",2,0
"Vi Thanh, Hau Giang, Vietnam",2,0
"View Park-Windsor Hills, California, United States",2,2
"Vijayawada, Andhra Pradesh, India",2,2
"Villa Park, California, United States",2,2
"Vincent, California, United States",2,2
"Vineyard, California, United States",2,2
"Vineyard, Utah, United States",2,1
"Vinnytsia, Vinnytsia Oblast, Ukraine",2,0
"Vitoria, State of Espirito Santo, Brazil",2,1
"Volgograd, Volgograd Oblast, Russia",2,1
"Wabasha, Minnesota, United States",2,1
"Waikoloa Village, Hawaii, United States",2,0
"Wailea-Makena, Hawaii, United States",2,2
"Wall, South Dakota, United States",2,1
"Wall Township, New Jersey, United States",2,2
"Walnut Islands, California, United States",2,2
"Warangal, Telangana, India",2,2
"Warr Acres, Oklahoma, United States",2,2
"Warwick, Rhode Island, United States",2,2
"Washington, Georgia, United States",2,2
"Washington, North Carolina, United States",2,1
"Washington, Pennsylvania, United States",2,1
"Watertown, Wisconsin, United States",2,2
"Waterville, Maine, United States",2,0
"Waterville, Ohio, United States",2,1
"Waukee, Iowa, United States",2,2
"Waukegan, Illinois, United States",2,2
"Waverly, Tennessee, United States",2,1
"Wayne, Pennsylvania, United States",2,2
"Weatherford, Texas, United States",2,1
"Wellsville, New York, United States",2,2
"Wendell, North Carolina, United States",2,2
"West Bishop, California, United States",2,2
"West Bountiful, Utah, United States",2,2
"West Carson, California, United States",2,1
"West Chicago, Illinois, United States",2,2
"West Haven, Connecticut, United States",2,1
"West Haven, Utah, United States",2,2
"West Rancho Dominguez, California, United States",2,2
"West Springfield, Massachusetts, United States",2,2
"Western Springs, Illinois, United States",2,1
"Wheat Ridge, Colorado, United States",2,2
"Wheaton-Glenmont, Maryland, United States",2,2
"Wheeling, Illinois, United States",2,2
"White Plains, New York, United States",2,2
"Whitefield, New Hampshire, United States",2,1
"Willard, Missouri, United States",2,2
"Williamsburg, Kentucky, United States",2,1
"Williamsport, Pennsylvania, United States",2,1
"Williston, North Dakota, United States",2,1
"Williston, South Carolina, United States",2,2
"Wilmette, Illinois, United States",2,2
"Wilmington, Delaware, United States",2,2
"Winchester, Virginia, United States",2,2
"Winnsboro, South Carolina, United States",2,2
"Winona, Mississippi, United States",2,1
"Winona, Missouri, United States",2,1
"Wixom, Michigan, United States",2,2
"Woodbury, Minnesota, United States",2,2
"Woodfield, South Carolina, United States",2,2
"Woodridge, Illinois, United States",2,2
"Woodstock, Alabama, United States",2,2
"Woolwich Township, New Jersey, United States",2,1
"Wrens, Georgia, United States",2,1
"Wuhan, Hubei, China",2,2
"Wyoming, Michigan, United States",2,2
"Xalapa, Veracruz, Mexico",2,1
"Yanceyville, North Carolina, United States",2,0
"Yantai, Shandong, China",2,2
"Yen Bai, Yen Bai, Vietnam",2,1
"Yongin-si, Gyeonggi-do, South Korea",2,2
"Yonkers, New York, United States",2,1
"Youngsville, Louisiana, United States",2,2
"Zanesville, Ohio, United States",2,2
"Zdolbuniv, Rivne Oblast, Ukraine",2,2
"Zhangjiajie, Hunan, China",2,2
"Zhubei City, Hsinchu County, Taiwan",2,2
"Zug, Zug, Switzerland",2,2
Germany,1,1
Hong Kong,1,1
Romania,1,1
South Africa,1,1
United States,1,1
"Arizona, United States",1,1
"Dong Nai, Vietnam",1,0
"Kentucky, United States",1,1
"Massachusetts, United States",1,0
"Michigan, United States",1,0
"Nebraska, United States",1,0
"Prachuap Khiri Khan, Thailand",1,1
"Quang Ngai, Vietnam",1,0
"Thanh Hoa, Vietnam",1,0
"Tokyo, Japan",1,1
"Wyoming, United States",1,1
"(not set), (not set), Anguilla",1,1
"(not set), (not set), Australia",1,1
"(not set), (not set), Belgium",1,1
"(not set), (not set), Brazil",1,1
"(not set), (not set), Bulgaria",1,1
"(not set), (not set), Estonia",1,1
"(not set), (not set), Finland",1,1
"(not set), (not set), Hungary",1,1
"(not set), (not set), Iraq",1,1
"(not set), (not set), Ireland",1,1
"(not set), (not set), Israel",1,1
"(not set), (not set), Lithuania",1,1
"(not set), (not set), Malta",1,1
"(not set), (not set), Morocco",1,0
"(not set), (not set), Panama",1,0
"(not set), (not set), Saudi Arabia",1,1
"(not set), (not set), Thailand",1,1
"(not set), (not set), Türkiye",1,1
"(not set), (not set), Uzbekistan",1,1
"(not set), Abkhazia, Georgia",1,0
"(not set), Adiyaman, Türkiye",1,0
"(not set), Administrative-Territorial Units of the Left Bank of the Dniester, Moldova",1,0
"(not set), Akmola Region, Kazakhstan",1,0
"(not set), Al Wahat District, Libya",1,0
"(not set), Algiers Province, Algeria",1,1
"(not set), Almaty Region, Kazakhstan",1,1
"(not set), Amambay Department, Paraguay",1,0
"(not set), Andaman and Nicobar Islands, India",1,0
"(not set), Ang Thong, Thailand",1,0
"(not set), Araucania, Chile",1,0
"(not set), Ariana Governorate, Tunisia",1,0
"(not set), Aseer Province, Saudi Arabia",1,1
"(not set), Atyrau Region, Kazakhstan",1,0
"(not set), Azuay, Ecuador",1,1
"(not set), Baja California, Mexico",1,1
"(not set), Baja California Sur, Mexico",1,1
"(not set), Bangsamoro Autonomous Region in Muslim Mindanao, Philippines",1,0
"(not set), Barahona Province, Dominican Republic",1,1
"(not set), Battambang Province, Cambodia",1,1
"(not set), Belgorod Oblast, Russia",1,1
"(not set), Beqaa Governorate, Lebanon",1,1
"(not set), Bihar, India",1,0
"(not set), Binh Dinh, Vietnam",1,1
"(not set), Blagoevgrad Province, Bulgaria",1,0
"(not set), Blida Province, Algeria",1,1
"(not set), Bolivar, Colombia",1,0
"(not set), Bolivar, Ecuador",1,0
"(not set), Bolivar, Venezuela",1,1
"(not set), Bomet County, Kenya",1,0
"(not set), Boyaca, Colombia",1,1
"(not set), Brcko District, Bosnia & Herzegovina",1,1
"(not set), Brest Region, Belarus",1,0
"(not set), Briceni District, Moldova",1,1
"(not set), Buenos Aires Province, Argentina",1,0
"(not set), Butnan District, Libya",1,0
"(not set), Campeche, Mexico",1,0
"(not set), Camuy, Puerto Rico",1,0
"(not set), Canary Islands, Spain",1,1
"(not set), Capital Region of Denmark, Denmark",1,1
"(not set), Carabobo, Venezuela",1,0
"(not set), Caraga, Philippines",1,0
"(not set), Castile-La Mancha, Spain",1,1
"(not set), Castries, St. Lucia",1,0
"(not set), Catalonia, Spain",1,1
"(not set), Catamarca Province, Argentina",1,1
"(not set), Central Kalimantan, Indonesia",1,1
"(not set), Centre-Val de Loire, France",1,0
"(not set), Chachoengsao, Thailand",1,1
"(not set), Changhua County, Taiwan",1,1
"(not set), Chiang Mai, Thailand",1,0
"(not set), Chihuahua, Mexico",1,1
"(not set), Chlef Province, Algeria",1,0
"(not set), Clarendon, Jamaica",1,0
"(not set), Cojedes, Venezuela",1,0
"(not set), Comayagua Department, Honduras",1,0
"(not set), Connecticut, United States",1,1
"(not set), Copan Department, Honduras",1,0
"(not set), Cordillera Department, Paraguay",1,0
"(not set), Cordoba Province, Argentina",1,0
"(not set), Corrientes Province, Argentina",1,1
"(not set), Corum, Türkiye",1,0
"(not set), Couva-Tabaquite-Talparo Regional Corporation, Trinidad & Tobago",1,1
"(not set), Davao Region, Philippines",1,0
"(not set), Delta Amacuro, Venezuela",1,1
"(not set), Diourbel Region, Senegal",1,1
"(not set), District of Ferizaj, Kosovo",1,0
"(not set), District of Gjilan, Kosovo",1,0
"(not set), District of Mitrovice, Kosovo",1,0
"(not set), Dodoma Region, Tanzania",1,0
"(not set), East Kalimantan, Indonesia",1,0
"(not set), Erbil Governorate, Iraq",1,1
"(not set), Esmeraldas, Ecuador",1,0
"(not set), Esteli, Nicaragua",1,1
"(not set), Extremadura, Spain",1,1
"(not set), Francisco Morazan Department, Honduras",1,1
"(not set), Gafsa Governorate, Tunisia",1,0
"(not set), Gaziantep, Türkiye",1,0
"(not set), Gegharkunik Province, Armenia",1,0
"(not set), Grand Est, France",1,0
"(not set), Ha Noi, Vietnam",1,1
"(not set), Hanover Parish, Jamaica",1,0
"(not set), Hatay, Türkiye",1,0
"(not set), Heredia Province, Costa Rica",1,1
"(not set), Hessen, Germany",1,1
"(not set), Hidalgo, Mexico",1,0
"(not set), Himachal Pradesh, India",1,0
"(not set), Hoa Binh, Vietnam",1,0
"(not set), Ile-de-France, France",1,1
"(not set), Irkutsk Oblast, Russia",1,0
"(not set), Itapua Department, Paraguay",1,0
"(not set), Ivano-Frankivsk Oblast, Ukraine",1,1
"(not set), Jalapa Department, Guatemala",1,0
"(not set), Jiangsu, China",1,1
"(not set), Jutiapa Department, Guatemala",1,0
"(not set), Kaolack Region, Senegal",1,1
"(not set), Karnataka, India",1,1
"(not set), Kericho County, Kenya",1,0
"(not set), Khon Kaen, Thailand",1,1
"(not set), Khyber Pakhtunkhwa, Pakistan",1,1
"(not set), Korce County, Albania",1,0
"(not set), Krasnoyarsk Krai, Russia",1,1
"(not set), Kukes County, Albania",1,0
"(not set), La Guajira, Colombia",1,0
"(not set), La Paz Department, Bolivia",1,0
"(not set), Lempira Department, Honduras",1,0
"(not set), Lesser Poland Voivodeship, Poland",1,1
"(not set), Limpopo, South Africa",1,0
"(not set), Ljubljana, Slovenia",1,1
"(not set), Los Rios, Chile",1,0
"(not set), Los Santos Province, Panama",1,1
"(not set), Lumbini Province, Nepal",1,1
"(not set), Lviv Oblast, Ukraine",1,0
"(not set), Madhesh Province, Nepal",1,1
"(not set), Madhya Pradesh, India",1,0
"(not set), Masovian Voivodeship, Poland",1,1
"(not set), Maule, Chile",1,0
"(not set), Medenine Governorate, Tunisia",1,0
"(not set), Mendoza Province, Argentina",1,0
"(not set), Menofia Governorate, Egypt",1,1
"(not set), Metro Manila, Philippines",1,1
"(not set), Michoacan, Mexico",1,1
"(not set), Monte Cristi Province, Dominican Republic",1,1
"(not set), Morona-Santiago, Ecuador",1,1
"(not set), Mount Lebanon Governorate, Lebanon",1,0
"(not set), Mpumalanga, South Africa",1,0
"(not set), Municipality of Vrapciste, North Macedonia",1,0
"(not set), Muranga County, Kenya",1,1
"(not set), Nabeul Governorate, Tunisia",1,1
"(not set), Nagano, Japan",1,1
"(not set), Najaf Governorate, Iraq",1,0
"(not set), Nakuru County, Kenya",1,0
"(not set), Neuquen Province, Argentina",1,1
"(not set), New Taipei City, Taiwan",1,1
"(not set), North Dakota, United States",1,0
"(not set), Northern Ireland, United Kingdom",1,1
"(not set), Novosibirsk Oblast, Russia",1,0
"(not set), Nuevo Leon, Mexico",1,1
"(not set), Oaxaca, Mexico",1,0
"(not set), Occitanie, France",1,1
"(not set), Ocotepeque Department, Honduras",1,0
"(not set), Odisha, India",1,1
"(not set), Oromia, Ethiopia",1,0
"(not set), Panama Oeste Province, Panama",1,0
"(not set), Paraguari Department, Paraguay",1,0
"(not set), Pays de la Loire, France",1,1
"(not set), Pembroke Parish, Bermuda",1,1
"(not set), Phang Nga, Thailand",1,1
"(not set), Phetchaburi, Thailand",1,1
"(not set), Phrae, Thailand",1,1
"(not set), Phuket, Thailand",1,0
"(not set), Piedmont, Italy",1,1
"(not set), Podkarpackie Voivodeship, Poland",1,1
"(not set), Presidente Hayes Department, Paraguay",1,0
"(not set), Qashqadaryo Region, Uzbekistan",1,0
"(not set), Quindio, Colombia",1,0
"(not set), Rajasthan, India",1,1
"(not set), Region of Murcia, Spain",1,0
"(not set), Rhineland-Palatinate, Germany",1,1
"(not set), Rostov Oblast, Russia",1,1
"(not set), Saint Peter Port, Guernsey",1,1
"(not set), Sakarya, Türkiye",1,1
"(not set), San Pedro de Macoris Province, Dominican Republic",1,0
"(not set), Sanchez Ramirez Province, Dominican Republic",1,0
"(not set), Santo Domingo de los Tsachilas, Ecuador",1,1
"(not set), Saratov Oblast, Russia",1,0
"(not set), Saskatchewan, Canada",1,1
"(not set), Schleswig-Holstein, Germany",1,1
"(not set), Shan, Myanmar (Burma)",1,1
"(not set), Sidi Bel Abbes Province, Algeria",1,1
"(not set), Somali, Ethiopia",1,0
"(not set), Soriano Department, Uruguay",1,0
"(not set), Sousse Governorate, Tunisia",1,0
"(not set), South Moravian Region, Czechia",1,1
"(not set), South Sumatra, Indonesia",1,1
"(not set), St. George, St. Vincent & Grenadines",1,1
"(not set), State of Alagoas, Brazil",1,0
"(not set), State of Amazonas, Brazil",1,0
"(not set), State of Maranhao, Brazil",1,0
"(not set), State of Mato Grosso do Sul, Brazil",1,1
"(not set), State of Para, Brazil",1,0
"(not set), State of Rio Grande do Norte, Brazil",1,0
"(not set), State of Sergipe, Brazil",1,1
"(not set), State of Tocantins, Brazil",1,1
"(not set), Sughd Province, Tajikistan",1,1
"(not set), Sukhothai, Thailand",1,0
"(not set), Sulaymaniyah Governorate, Iraq",1,1
"(not set), Tachira, Venezuela",1,0
"(not set), Taichung City, Taiwan",1,0
"(not set), Tamanrasset Province, Algeria",1,0
"(not set), Tigray, Ethiopia",1,1
"(not set), Tindouf Province, Algeria",1,0
"(not set), Tipaza Province, Algeria",1,0
"(not set), Tirana County, Albania",1,0
"(not set), Tlemcen Province, Algeria",1,1
"(not set), Tripoli District, Libya",1,0
"(not set), Tuscany, Italy",1,0
"(not set), Uttaradit, Thailand",1,0
"(not set), Valencian Community, Spain",1,0
"(not set), Valverde Province, Dominican Republic",1,0
"(not set), Varazdin County, Croatia",1,1
"(not set), Vaud, Switzerland",1,1
"(not set), Veneto, Italy",1,1
"(not set), Vermont, United States",1,1
"(not set), Vlore County, Albania",1,0
"(not set), Voronezh Oblast, Russia",1,0
"(not set), Wajir County, Kenya",1,1
"(not set), Western Cape, South Africa",1,1
"(not set), Woqooyi Galbeed, Somalia",1,1
"(not set), Yala, Thailand",1,0
"(not set), Yoro Department, Honduras",1,1
"(not set), Zurich, Switzerland",1,1
"01510, Auvergne-Rhone-Alpes, France",1,1
"1 Bao Loc, Lam Dong, Vietnam",1,1
"10280, Grand Est, France",1,0
"12032, State of Sao Paulo, Brazil",1,1
"13253, State of Sao Paulo, Brazil",1,1
"18 de Mayo, Canelones Department, Uruguay",1,0
"2023, Auckland, New Zealand",1,0
"30160, Occitanie, France",1,1
"31715, Lower Saxony, Germany",1,1
"32130, Occitanie, France",1,1
"37290, Hessen, Germany",1,0
"37635, Lower Saxony, Germany",1,0
"53425, State of Pernambuco, Brazil",1,0
"5464, Jasz-Nagykun-Szolnok, Hungary",1,1
"55481, Rhineland-Palatinate, Germany",1,0
"56930, Brittany, France",1,1
"57880, Grand Est, France",1,1
"61252, East Java, Indonesia",1,0
"67577, Rhineland-Palatinate, Germany",1,1
"67822, Rhineland-Palatinate, Germany",1,1
"71118, Bourgogne-Franche-Comte, France",1,0
"7225, Tolna County, Hungary",1,0
"83131, Provence-Alpes-Cote d'Azur, France",1,0
"9 de Abril, Buenos Aires Province, Argentina",1,0
"9686, Groningen, Netherlands",1,0
"99117, Papua, Indonesia",1,0
"A'ali, Northern Governorate, Bahrain",1,0
"Aachen, North Rhine-Westphalia, Germany",1,1
"Abaetetuba, State of Para, Brazil",1,0
"Abbeville, South Carolina, United States",1,0
"Abbotsford, Wisconsin, United States",1,1
"Abbottabad, Khyber Pakhtunkhwa, Pakistan",1,0
"Abohar, Punjab, India",1,1
"Absecon, New Jersey, United States",1,0
"Abu El Matamir, Beheira Governorate, Egypt",1,0
"Acapulco, Guerrero, Mexico",1,1
"Acarigua, Portuguesa, Venezuela",1,0
"Accokeek, Maryland, United States",1,1
"Achim, Lower Saxony, Germany",1,0
"Acipayam, Denizli, Türkiye",1,0
"Acton, California, United States",1,1
"Acton, Massachusetts, United States",1,1
"Addison, Illinois, United States",1,1
"Adilabad, Telangana, India",1,1
"Adoor, Kerala, India",1,1
"Adrogue, Buenos Aires Province, Argentina",1,0
"Aflou, Laghouat Province, Algeria",1,0
"Afonso Claudio, State of Espirito Santo, Brazil",1,1
"Agawam, Massachusetts, United States",1,1
"Agua Dulce, California, United States",1,1
"Aguachica, Cesar, Colombia",1,0
"Ahaus, North Rhine-Westphalia, Germany",1,0
"Aichtal, Baden-Wurttemberg, Germany",1,1
"Ain Temouchent, Ain Temouchent Province, Algeria",1,1
"Ainsworth, Nebraska, United States",1,1
"Air Force Academy, Colorado, United States",1,1
"Ajmer, Rajasthan, India",1,0
"Ak-Chin Indian Community, Arizona, United States",1,1
"Aktau, Mangystau Region, Kazakhstan",1,1
"Al Farwaniyah, Al Farwaniyah Governorate, Kuwait",1,1
"Al Moshahda, Saladin Governorate, Iraq",1,0
"Al Salamah, Emirate of Umm Al Quwain, United Arab Emirates",1,1
"Alachua, Florida, United States",1,1
"Albertville, Minnesota, United States",1,1
"Albi, Occitanie, France",1,1
"Albion, Nebraska, United States",1,1
"Albury, New South Wales, Australia",1,1
"Alcoa, Tennessee, United States",1,1
"Alcobendas, Madrid, Spain",1,1
"Alegrete, State of Rio Grande do Sul, Brazil",1,0
"Alexandria, Kentucky, United States",1,1
"Aley, Mount Lebanon Governorate, Lebanon",1,0
"Alfenas, State of Minas Gerais, Brazil",1,0
"Alicante, Valencian Community, Spain",1,1
"Alliance, Ohio, United States",1,0
"Allouez, Wisconsin, United States",1,1
"Alma, Georgia, United States",1,1
"Alma, Quebec, Canada",1,1
"Aloha, Oregon, United States",1,1
"Alor Gajah, Malacca, Malaysia",1,1
"Alor Setar, Kedah, Malaysia",1,0
"Alpharetta, Georgia, United States",1,1
"Alpine, Utah, United States",1,1
"Alsdorf, North Rhine-Westphalia, Germany",1,1
"Alta Sierra, California, United States",1,1
"Altamira, State of Para, Brazil",1,0
"Altoona, Wisconsin, United States",1,1
"Altos de San Lorenzo, Buenos Aires Province, Argentina",1,0
"Altus, Oklahoma, United States",1,1
"Alvorada, State of Rio Grande do Sul, Brazil",1,0
"Alzano Lombardo, Lombardy, Italy",1,0
"Ambala Cantt, Haryana, India",1,0
"Ambernath, Maharashtra, India",1,1
"Amelia Court House, Virginia, United States",1,1
"Amherst, Massachusetts, United States",1,0
"Amjhupi, Khulna Division, Bangladesh",1,0
"Amos, Quebec, Canada",1,0
"Ampang Jaya, Selangor, Malaysia",1,1
"Anacortes, Washington, United States",1,1
"Anantapur, Andhra Pradesh, India",1,1
"Ancenis, Pays de la Loire, France",1,0
"Ancona, Marche, Italy",1,1
"Andalusia, Alabama, United States",1,0
"Anderson, Indiana, United States",1,1
"Andes, Antioquia, Colombia",1,1
"Andover, England, United Kingdom",1,0
"Andradas, State of Minas Gerais, Brazil",1,0
"Angels Camp, California, United States",1,1
"Angleton, Texas, United States",1,1
"Anicuns, State of Goias, Brazil",1,1
"Anna, Illinois, United States",1,0
"Anna, Texas, United States",1,1
"Ansonia, Connecticut, United States",1,1
"Antakya, Hatay, Türkiye",1,0
"Antelope, California, United States",1,1
"Antioch, Illinois, United States",1,1
"Antipolo, Calabarzon, Philippines",1,0
"Antwerp, Flanders, Belgium",1,1
"Apollo Beach, Florida, United States",1,1
"Apostolove, Dnipropetrovsk Oblast, Ukraine",1,0
"Appleton, Minnesota, United States",1,1
"Appomattox, Virginia, United States",1,1
"Aquidauana, State of Mato Grosso do Sul, Brazil",1,1
"Ar-Ramtha, Irbid Governorate, Jordan",1,0
"Araguaina, State of Tocantins, Brazil",1,0
"Arak, (not set), Iran",1,0
"Arakli, Trabzon, Türkiye",1,0
"Araras, State of Sao Paulo, Brazil",1,0
"Araruama, State of Rio de Janeiro, Brazil",1,0
"Araucaria, State of Parana, Brazil",1,1
"Araure, Portuguesa, Venezuela",1,0
"Arayat, Central Luzon, Philippines",1,1
"Arcadia, Florida, United States",1,1
"Argostolion, Decentralized Administration of Peloponnese, Western Greece and the Ionian, Greece",1,0
"Arjawinangun, West Java, Indonesia",1,1
"Arjona, Bolivar, Colombia",1,1
"Arkhangel'skoe, Moscow Oblast, Russia",1,0
"Arkhangelsk, Arkhangelsk Oblast, Russia",1,0
"Arlington, Massachusetts, United States",1,1
"Arlington Heights, Pennsylvania, United States",1,1
"Arnavutkoy, Istanbul, Türkiye",1,0
"Arnold, Missouri, United States",1,1
"Arriaga, Chiapas, Mexico",1,0
"Artemida, Attica, Greece",1,1
"Asbest, Sverdlovsk Oblast, Russia",1,1
"Asheboro, North Carolina, United States",1,1
"Ashford, England, United Kingdom",1,0
"Ashington, England, United Kingdom",1,0
"Ashkelon, South District, Israel",1,0
"Ashland, Massachusetts, United States",1,1
"Ashulia, Dhaka Division, Bangladesh",1,1
"Aspen Hill, Maryland, United States",1,1
"Assis Chateaubriand, State of Parana, Brazil",1,0
"Astorp, Skane County, Sweden",1,1
"Atascocita, Texas, United States",1,1
"Athens, Attica, Greece",1,1
"Atlanta, Illinois, United States",1,1
"Atmore, Alabama, United States",1,1
"Atwood, Kansas, United States",1,0
"Atyrau, Atyrau Region, Kazakhstan",1,1
"Aubrey, Texas, United States",1,1
"Auburn, Indiana, United States",1,1
"Auburn, Nebraska, United States",1,0
"Augusta, Kansas, United States",1,1
"Aurora, Indiana, United States",1,1
"Austintown, Ohio, United States",1,1
"Avellaneda, Buenos Aires Province, Argentina",1,0
"Avila Beach, California, United States",1,1
"Ayden, North Carolina, United States",1,1
"Aydin, Aydin, Türkiye",1,0
"Ayer Tawar, Perak, Malaysia",1,1
"Az Zubayr, Basra Governorate, Iraq",1,0
"Azle, Texas, United States",1,1
"Azul, Buenos Aires Province, Argentina",1,0
"Baabda, Mount Lebanon Governorate, Lebanon",1,0
"Babahoyo, Los Rios, Ecuador",1,0
"Babice nad Svitavou, South Moravian Region, Czechia",1,0
"Babruysk, Mogilev Region, Belarus",1,0
"Babylon, New York, United States",1,1
"Bac Lieu, Ca Mau, Vietnam",1,0
"Bacabal, State of Maranhao, Brazil",1,0
"Bad Neustadt an der Saale, Bavaria, Germany",1,1
"Bad Oeynhausen, North Rhine-Westphalia, Germany",1,1
"Bad Sackingen, Baden-Wurttemberg, Germany",1,1
"Badlapur, Maharashtra, India",1,0
"Bady Bassitt, State of Sao Paulo, Brazil",1,0
"Bagalkote, Karnataka, India",1,0
"Baghpat, Uttar Pradesh, India",1,1
"Baguio, Cordillera Administrative Region, Philippines",1,0
"Bahacheve, Cherkasy Oblast, Ukraine",1,0
"Bahawalpur, Punjab, Pakistan",1,1
"Bahia Blanca, Buenos Aires Province, Argentina",1,1
"Bailey, Colorado, United States",1,0
"Bailey's Crossroads, Virginia, United States",1,1
"Bala Cynwyd, Pennsylvania, United States",1,1
"Balakong, Selangor, Malaysia",1,1
"Balamban, Central Visayas, Philippines",1,0
"Baleendah, West Java, Indonesia",1,1
"Balerno, Scotland, United Kingdom",1,1
"Balikesir, Balikesir, Türkiye",1,0
"Balikpapan, East Kalimantan, Indonesia",1,1
"Ballarat, Victoria, Australia",1,1
"Ballerup, Capital Region of Denmark, Denmark",1,1
"Ballinger, Texas, United States",1,0
"Ballwin, Missouri, United States",1,1
"Balneario Camboriu, State of Santa Catarina, Brazil",1,1
"Banda Aceh, Aceh, Indonesia",1,0
"Bandar, Dhaka Division, Bangladesh",1,1
"Bandar Seri Begawan, Brunei-Muara District, Brunei",1,0
"Bang Kaeo, Samut Prakan, Thailand",1,0
"Bangaon, West Bengal, India",1,1
"Banjarnegara, Central Java, Indonesia",1,0
"Bantayan, Central Visayas, Philippines",1,1
"Bao Loc, Lam Dong, Vietnam",1,0
"Bar Harbor, Maine, United States",1,1
"Baraboo, Wisconsin, United States",1,1
"Barberton, Ohio, United States",1,1
"Barberton, Washington, United States",1,1
"Barbil, Odisha, India",1,1
"Barbourville, Kentucky, United States",1,0
"Bardstown, Kentucky, United States",1,1
"Bareilly, Uttar Pradesh, India",1,0
"Barnaul, Altai Krai, Russia",1,0
"Barneveld, Gelderland, Netherlands",1,0
"Barnhart, Missouri, United States",1,1
"Barra do Corda, State of Maranhao, Brazil",1,0
"Barra do Pirai, State of Rio de Janeiro, Brazil",1,0
"Barre, Vermont, United States",1,0
"Barrhead, Alberta, Canada",1,1
"Barrie, Ontario, Canada",1,1
"Barton City, Michigan, United States",1,0
"Bartonville, Illinois, United States",1,1
"Bartow, Florida, United States",1,1
"Barueri, State of Sao Paulo, Brazil",1,1
"Barysaw, Minsk Region, Belarus",1,1
"Basel, Basel City, Switzerland",1,1
"Bassens, Nouvelle-Aquitaine, France",1,1
"Basud, Bicol, Philippines",1,0
"Batangas City, Calabarzon, Philippines",1,1
"Batatais, State of Sao Paulo, Brazil",1,0
"Batavia, Illinois, United States",1,1
"Batavia, Ohio, United States",1,1
"Batesburg-Leesville, South Carolina, United States",1,1
"Batman, Batman, Türkiye",1,0
"Batumi, Adjara, Georgia",1,1
"Baxley, Georgia, United States",1,1
"Baxter, Minnesota, United States",1,1
"Baxter Springs, Kansas, United States",1,1
"Bay Point, California, United States",1,1
"Bay Springs, Mississippi, United States",1,1
"Bay St. Louis, Mississippi, United States",1,1
"Bayfield, Wisconsin, United States",1,0
"Bayingolin Mongol Autonomous Prefecture, Xinjiang, China",1,1
"Bayport, New York, United States",1,1
"Baytown, Texas, United States",1,0
"Baywood-Los Osos, California, United States",1,1
"Be'er Sheva, South District, Israel",1,0
"Beach Haven, New Jersey, United States",1,1
"Beach Park, Illinois, United States",1,1
"Beachwood, Ohio, United States",1,1
"Beavercreek, Ohio, United States",1,1
"Bebedouro, State of Sao Paulo, Brazil",1,0
"Beckett Ridge, Ohio, United States",1,1
"Bedford, Massachusetts, United States",1,1
"Bedford, New York, United States",1,0
"Bedford Park, Illinois, United States",1,1
"Beebe, Arkansas, United States",1,1
"Beeville, Texas, United States",1,1
"Bekasi, West Java, Indonesia",1,0
"Belcamp, Maryland, United States",1,1
"Belford Roxo, State of Rio de Janeiro, Brazil",1,0
"Belgorod, Belgorod Oblast, Russia",1,1
"Belgrano, Mendoza Province, Argentina",1,0
"Belize City, (not set), Belize",1,1
"Bella Vista, Buenos Aires Province, Argentina",1,1
"Bellair-Meadowbrook Terrace, Florida, United States",1,0
"Bellaire, Michigan, United States",1,1
"Bellaire, Texas, United States",1,1
"Belle Isle, Florida, United States",1,0
"Belle Plaine, Kansas, United States",1,1
"Bellevue, Idaho, United States",1,1
"Bellikon, Aargau, Switzerland",1,1
"Bellmawr, New Jersey, United States",1,1
"Bells, Texas, United States",1,1
"Bellview, Florida, United States",1,1
"Belton, Missouri, United States",1,1
"Belzoni, Mississippi, United States",1,1
"Bender, Bender, Moldova",1,0
"Bengkulu, Bengkulu, Indonesia",1,0
"Benito Juarez, Quintana Roo, Mexico",1,0
"Benson, Minnesota, United States",1,1
"Benson, North Carolina, United States",1,1
"Bento Goncalves, State of Rio Grande do Sul, Brazil",1,0
"Benton, Arkansas, United States",1,1
"Benton, Tennessee, United States",1,0
"Beresford, South Dakota, United States",1,0
"Berikhas, Haryana, India",1,1
"Berlin, New Hampshire, United States",1,1
"Bernal Oeste, Buenos Aires Province, Argentina",1,0
"Bernards, New Jersey, United States",1,1
"Berne, Indiana, United States",1,1
"Berrechid, Casablanca-Settat, Morocco",1,0
"Beryozovsky, Sverdlovsk Oblast, Russia",1,0
"Bethel, Connecticut, United States",1,1
"Bethel, Ohio, United States",1,1
"Bethlehem, North Carolina, United States",1,1
"Bethpage, New York, United States",1,2
"Between, Georgia, United States",1,1
"Beverly, Massachusetts, United States",1,1
"Bexley, Ohio, United States",1,1
"Bhagalpur, Bihar, India",1,1
"Bhalwal, Punjab, Pakistan",1,0
"Bidar, Karnataka, India",1,1
"Biddeford, Maine, United States",1,1
"Biguacu, State of Santa Catarina, Brazil",1,1
"Bilky, Zakarpattia Oblast, Ukraine",1,1
"Bintulu, Sarawak, Malaysia",1,0
"Bir El Djir, Oran Province, Algeria",1,0
"Biratnagar, (not set), Nepal",1,1
"Bishkek, (not set), Kyrgyzstan",1,0
"Bissau, (not set), Guinea-Bissau",1,1
"Bixby, Oklahoma, United States",1,1
"Biysk, Altai Krai, Russia",1,0
"Bizerte, Bizerte Governorate, Tunisia",1,1
"Black Hawk, Colorado, United States",1,1
"Black Hawk, South Dakota, United States",1,1
"Blackhawk, California, United States",1,1
"Blackshear, Georgia, United States",1,0
"Blainville, Quebec, Canada",1,1
"Blair, Nebraska, United States",1,1
"Blida, Blida Province, Algeria",1,1
"Blind River, Ontario, Canada",1,0
"Bloemfontein, Free State, South Africa",1,0
"Bloomfield, Iowa, United States",1,0
"Blue Bell, Pennsylvania, United States",1,1
"Blue Ridge, Georgia, United States",1,1
"Blue Springs, Missouri, United States",1,1
"Blyth, England, United Kingdom",1,1
"Bnei Brak, Tel Aviv District, Israel",1,0
"Bobo-Dioulasso, Hauts-Bassins Region, Burkina Faso",1,0
"Bodega Bay, California, United States",1,1
"Bodrum, Mugla, Türkiye",1,0
"Bogalusa, Louisiana, United States",1,1
"Bojong Gede, West Java, Indonesia",1,0
"Bolivar, Tennessee, United States",1,1
"Bollate, Lombardy, Italy",1,1
"Bom Despacho, State of Minas Gerais, Brazil",1,1
"Bonita, California, United States",1,1
"Bonnieux, Provence-Alpes-Cote d'Azur, France",1,1
"Bontang, East Kalimantan, Indonesia",1,1
"Bootjack, California, United States",1,1
"Bordeaux, Nouvelle-Aquitaine, France",1,1
"Botkyrka, Stockholm County, Sweden",1,1
"Bouake, Vallee du Bandama District, Côte d’Ivoire",1,0
"Boulder Creek, California, United States",1,1
"Bourg-en-Bresse, Auvergne-Rhone-Alpes, France",1,1
"Bow, New Hampshire, United States",1,1
"Bowman, North Dakota, United States",1,1
"Boyarka, Kyiv Oblast, Ukraine",1,1
"Brackettville, Texas, United States",1,1
"Brackley, England, United Kingdom",1,1
"Braddock Heights, Maryland, United States",1,1
"Bradford, New Hampshire, United States",1,1
"Brady, Texas, United States",1,0
"Braila, Braila, Romania",1,0
"Brainerd, Minnesota, United States",1,1
"Braintree, England, United Kingdom",1,1
"Braintree, Massachusetts, United States",1,1
"Brakel, North Rhine-Westphalia, Germany",1,1
"Brakpan, Gauteng, South Africa",1,0
"Brandenburg, Brandenburg, Germany",1,1
"Brandon, South Dakota, United States",1,1
"Branford, Connecticut, United States",1,1
"Brantford, Ontario, Canada",1,1
"Brasov, Brasov, Romania",1,1
"Braunschweig, Lower Saxony, Germany",1,1
"Breckenridge, Colorado, United States",1,0
"Brent, Alabama, United States",1,1
"Brentwood, England, United Kingdom",1,1
"Brest, Brittany, France",1,0
"Brevard, North Carolina, United States",1,0
"Brewer, Maine, United States",1,1
"Brewster, Massachusetts, United States",1,1
"Brick Township, New Jersey, United States",1,1
"Bridgeport, Nebraska, United States",1,1
"Bridger, Montana, United States",1,1
"Bridgetown North, Ohio, United States",1,1
"Bridgewater, Massachusetts, United States",1,1
"Bridgman, Michigan, United States",1,1
"Bridgwater, England, United Kingdom",1,1
"Brighton, Colorado, United States",1,1
"Brighton, New York, United States",1,1
"Bristol, England, United Kingdom",1,1
"Brive-la-Gaillarde, Nouvelle-Aquitaine, France",1,0
"Brno, South Moravian Region, Czechia",1,0
"Broadview Heights, Ohio, United States",1,1
"Brodhead, Kentucky, United States",1,1
"Bromley, England, United Kingdom",1,1
"Brook Park, Ohio, United States",1,1
"Brookhaven, Georgia, United States",1,1
"Brookings, South Dakota, United States",1,1
"Brookline, Massachusetts, United States",1,1
"Brooklyn, Iowa, United States",1,1
"Brooklyn Park, Maryland, United States",1,1
"Brooks, Alberta, Canada",1,1
"Brossard, Quebec, Canada",1,1
"Brownfield, Texas, United States",1,1
"Brownsburg, Indiana, United States",1,1
"Brownsville, Oregon, United States",1,1
"Brownsville, Tennessee, United States",1,1
"Brownsville, Texas, United States",1,1
"Bruchkobel, Hessen, Germany",1,1
"Bruck an der Leitha, Lower Austria, Austria",1,1
"Bruges, Flanders, Belgium",1,0
"Bruinisse, Zeeland, Netherlands",1,1
"Brumado, State of Bahia, Brazil",1,0
"Brunssum, Limburg, Netherlands",1,1
"Brunswick, Georgia, United States",1,1
"Buchanan Dam, Texas, United States",1,0
"Buckhorn, California, United States",1,1
"Buckley, Wales, United Kingdom",1,1
"Bucyrus, Ohio, United States",1,1
"Buda, Texas, United States",1,1
"Bude, Mississippi, United States",1,0
"Buellton, California, United States",1,1
"Buena Vista, Virginia, United States",1,1
"Buena Vista Township, New Jersey, United States",1,1
"Buffalo, Minnesota, United States",1,1
"Buffalo, Texas, United States",1,1
"Buffalo, Wyoming, United States",1,1
"Buin, Santiago Metropolitan Region, Chile",1,1
"Bukhara, (not set), Uzbekistan",1,1
"Bulakan, Central Luzon, Philippines",1,0
"Bull Run, Virginia, United States",1,1
"Bulle, Fribourg, Switzerland",1,1
"Bundaberg, Queensland, Australia",1,1
"Bunker Hill, Oregon, United States",1,1
"Bunnell, Florida, United States",1,1
"Burghausen, Bavaria, Germany",1,1
"Burien, Washington, United States",1,1
"Burke, Virginia, United States",1,1
"Burlington, Colorado, United States",1,1
"Burlington, Iowa, United States",1,1
"Burlington, Kansas, United States",1,1
"Burlington, Massachusetts, United States",1,1
"Burlington, North Carolina, United States",1,1
"Burlington, Ontario, Canada",1,1
"Burlington Township, New Jersey, United States",1,1
"Burrel, Diber County, Albania",1,0
"Burton, Texas, United States",1,1
"Busteni, Prahova, Romania",1,0
"Butler, Missouri, United States",1,1
"Butler, Pennsylvania, United States",1,1
"Cabazon, California, United States",1,1
"Cabiao, Central Luzon, Philippines",1,0
"Cabimas, Zulia, Venezuela",1,1
"Cabo Frio, State of Rio de Janeiro, Brazil",1,1
"Cabudare, Lara, Venezuela",1,0
"Cacador, State of Santa Catarina, Brazil",1,1
"Cachoeira Paulista, State of Sao Paulo, Brazil",1,1
"Cadillac, Michigan, United States",1,1
"Caete, State of Minas Gerais, Brazil",1,0
"Cajamarca, Cajamarca, Peru",1,0
"Cajazeiras, State of Paraiba, Brazil",1,0
"Caldera, Atacama, Chile",1,0
"Caledonia, Michigan, United States",1,1
"Callaway, Florida, United States",1,1
"Camano, Washington, United States",1,1
"Camaragibe, State of Pernambuco, Brazil",1,1
"Cambridge, Maryland, United States",1,1
"Cambridge, Ohio, United States",1,1
"Cameron Park, California, United States",1,1
"Camilla, Georgia, United States",1,1
"Campamento, Olancho Department, Honduras",1,0
"Campbell River, British Columbia, Canada",1,1
"Campos Novos, State of Santa Catarina, Brazil",1,0
"Campos do Jordao, State of Sao Paulo, Brazil",1,0
"Cananeia, State of Sao Paulo, Brazil",1,0
"Cancun, Quintana Roo, Mexico",1,1
"Candler-McAfee, Georgia, United States",1,1
"Cangucu, State of Rio Grande do Sul, Brazil",1,1
"Canmore, Alberta, Canada",1,1
"Cannes, Provence-Alpes-Cote d'Azur, France",1,0
"Cannon Falls, Minnesota, United States",1,1
"Canton, Georgia, United States",1,1
"Canton, Illinois, United States",1,1
"Canton, Massachusetts, United States",1,1
"Canton, Ohio, United States",1,1
"Canyon Lake, Texas, United States",1,1
"Capilla del Senor, Buenos Aires Province, Argentina",1,1
"Carbondale, Pennsylvania, United States",1,1
"Cardington, Ohio, United States",1,1
"Carey, Ohio, United States",1,0
"Carleton Place, Ontario, Canada",1,1
"Carlisle, Pennsylvania, United States",1,1
"Carmel Valley, California, United States",1,1
"Carnegie, Oklahoma, United States",1,1
"Caro, Michigan, United States",1,1
"Carolina Beach, North Carolina, United States",1,1
"Carrington, North Dakota, United States",1,0
"Carroll, New Hampshire, United States",1,1
"Carrollton, Georgia, United States",1,1
"Carson City, Michigan, United States",1,1
"Carteret, New Jersey, United States",1,1
"Casa Grande, Arizona, United States",1,0
"Casanay, Sucre, Venezuela",1,0
"Cascavel, Ceara, Brazil",1,1
"Cascavel, State of Parana, Brazil",1,0
"Casey, Illinois, United States",1,1
"Cass Lake, Minnesota, United States",1,0
"Cassville, Missouri, United States",1,1
"Castanhal, State of Para, Brazil",1,1
"Castellon de la Plana, Valencian Community, Spain",1,1
"Catanduva, State of Sao Paulo, Brazil",1,1
"Catia La Mar, La Guaira, Venezuela",1,1
"Catonsville, Maryland, United States",1,1
"Catoosa, Oklahoma, United States",1,1
"Caucasia, Antioquia, Colombia",1,0
"Cave Spring, Virginia, United States",1,1
"Cedarburg, Wisconsin, United States",1,1
"Cedartown, Georgia, United States",1,1
"Celebration, Florida, United States",1,1
"Center Moriches, New York, United States",1,0
"Centerville, Iowa, United States",1,1
"Centerville, Ohio, United States",1,0
"Centerville, Tennessee, United States",1,0
"Centerville, Texas, United States",1,1
"Central City, Kentucky, United States",1,1
"Central Islip, New York, United States",1,1
"Cergy, Ile-de-France, France",1,1
"Ceu Azul, State of Parana, Brazil",1,0
"Chadbourn, North Carolina, United States",1,1
"Chakan, Maharashtra, India",1,0
"Chakwal, Punjab, Pakistan",1,1
"Challis, Idaho, United States",1,1
"Chalmette, Louisiana, United States",1,0
"Cham, Bavaria, Germany",1,0
"Chamkor Sahib, Punjab, India",1,1
"Champa, Chhattisgarh, India",1,1
"Champlin, Minnesota, United States",1,1
"Chandler, Indiana, United States",1,1
"Changhua City, Changhua County, Taiwan",1,1
"Changwon-si, Gyeongsangnam-do, South Korea",1,1
"Chanhassen, Minnesota, United States",1,1
"Chapai Nawabganj, Rajshahi Division, Bangladesh",1,1
"Chapel Hill, Tennessee, United States",1,1
"Charleroi, Wallonia, Belgium",1,0
"Charles Town, West Virginia, United States",1,1
"Charleville-Mezieres, Grand Est, France",1,1
"Charlotte Amalie, St. Thomas, U.S. Virgin Islands",1,1
"Chatham, England, United Kingdom",1,1
"Chatham, Virginia, United States",1,1
"Chatsworth, KwaZulu-Natal, South Africa",1,0
"Cheboksary, Chuvashia Republic, Russia",1,0
"Cheboygan, Michigan, United States",1,0
"Cheektowaga, New York, United States",1,1
"Chelsea, Alabama, United States",1,1
"Chelsea, Massachusetts, United States",1,1
"Cheltenham, England, United Kingdom",1,0
"Cheraw, South Carolina, United States",1,1
"Cherepovets, Vologda Oblast, Russia",1,0
"Cherryland, California, United States",1,1
"Cherryville, Pennsylvania, United States",1,1
"Chester, Pennsylvania, United States",1,1
"Chester, Virginia, United States",1,0
"Chetopa, Kansas, United States",1,0
"Chhatrapati Sambhajinagar, Maharashtra, India",1,1
"Chiang Mai, Chiang Mai, Thailand",1,0
"Chibougamau, Quebec, Canada",1,0
"Chicago Ridge, Illinois, United States",1,1
"Chichester, England, United Kingdom",1,1
"Chichiriviche, Falcon, Venezuela",1,0
"Chickasha, Oklahoma, United States",1,1
"Chiclayo, Lambayeque, Peru",1,1
"Chidambaram, Tamil Nadu, India",1,0
"Chiffa, Blida Province, Algeria",1,0
"Chiguayante, Bio Bio, Chile",1,0
"Childress, Texas, United States",1,0
"Chillan, Nuble, Chile",1,0
"Chillicothe, Missouri, United States",1,0
"Chillicothe, Ohio, United States",1,1
"Chilpancingo, Guerrero, Mexico",1,0
"Chilton, Wisconsin, United States",1,1
"Chimalhuacan, State of Mexico, Mexico",1,1
"Chittenango, New York, United States",1,1
"Chiyoda City, Tokyo, Japan",1,1
"Chlef, Chlef Province, Algeria",1,1
"Chojnice, Pomeranian Voivodeship, Poland",1,1
"Chrak Mtes, Svay Rieng Province, Cambodia",1,1
"Christchurch, England, United Kingdom",1,1
"Christiana, Delaware, United States",1,1
"Churchville, Pennsylvania, United States",1,1
"Cibinong, West Java, Indonesia",1,0
"Ciboure, Nouvelle-Aquitaine, France",1,1
"Cidade Ocidental, State of Goias, Brazil",1,0
"Cikande, Banten, Indonesia",1,0
"Cilacap, Central Java, Indonesia",1,1
"Cileungsi, West Java, Indonesia",1,0
"Cileunyi, West Java, Indonesia",1,0
"Cimislia, Cimislia District, Moldova",1,0
"Cipolletti, Rio Negro Province, Argentina",1,1
"Cisarua, West Java, Indonesia",1,1
"City of Santa Rosa, Calabarzon, Philippines",1,0
"Ciudad Apodaca, Nuevo Leon, Mexico",1,0
"Ciudad Neily, Puntarenas Province, Costa Rica",1,0
"Ciudad Nezahualcoyotl, State of Mexico, Mexico",1,1
"Ciudad Nicolas Romero, State of Mexico, Mexico",1,0
"Ciudad Ojeda, Zulia, Venezuela",1,0
"Ciudad del Plata, San Jose Department, Uruguay",1,0
"Ciudadela, Buenos Aires Province, Argentina",1,0
"Clarkdale, Arizona, United States",1,1
"Clarksville, Tennessee, United States",1,1
"Clayton, New Mexico, United States",1,1
"Clayton, New York, United States",1,1
"Clayton, North Carolina, United States",1,1
"Cle Elum, Washington, United States",1,1
"Clearfield, Pennsylvania, United States",1,1
"Clearfield, Utah, United States",1,1
"Clearwater, Florida, United States",1,1
"Cleburne, Texas, United States",1,1
"Clemmons, North Carolina, United States",1,1
"Clermont, Florida, United States",1,1
"Cleveland, Georgia, United States",1,1
"Cleveland, Mississippi, United States",1,1
"Cleveland, Tennessee, United States",1,1
"Clifton, Colorado, United States",1,1
"Clinton, Maryland, United States",1,0
"Clinton, Oklahoma, United States",1,0
"Clinton, Tennessee, United States",1,1
"Clinton, Utah, United States",1,1
"Clinton Township, New Jersey, United States",1,1
"Cloppenburg, Lower Saxony, Germany",1,1
"Cloverdale, Indiana, United States",1,1
"Cloverly, Maryland, United States",1,1
"Clyde, Ohio, United States",1,0
"Coacalco, State of Mexico, Mexico",1,0
"Coachella, California, United States",1,1
"Coalville, Utah, United States",1,1
"Cobano, Puntarenas Province, Costa Rica",1,0
"Cochrane, Alberta, Canada",1,1
"Coggeshall, England, United Kingdom",1,1
"Cohoes, New York, United States",1,1
"Cold Springs, Nevada, United States",1,1
"Colfax, California, United States",1,1
"Colfax, Louisiana, United States",1,0
"Collegeville, Pennsylvania, United States",1,1
"Colleyville, Texas, United States",1,1
"Collingwood, Ontario, Canada",1,0
"Collins, New York, United States",1,1
"Cologny, Geneva, Switzerland",1,1
"Coloma, Wisconsin, United States",1,1
"Colomiers, Occitanie, France",1,1
"Colonial Park, Pennsylvania, United States",1,1
"Colorado City, Colorado, United States",1,1
"Colts Neck, New Jersey, United States",1,1
"Columbine, Colorado, United States",1,1
"Columbus, Georgia, United States",1,0
"Columbus, Mississippi, United States",1,0
"Columbus, Texas, United States",1,0
"Columbus, Wisconsin, United States",1,1
"Comanche, Oklahoma, United States",1,1
"Commack, New York, United States",1,1
"Commercial Point, Ohio, United States",1,1
"Comodoro Rivadavia, Chubut Province, Argentina",1,0
"Comstock Park, Michigan, United States",1,1
"Conakry, Conakry, Guinea",1,0
"Conchas, State of Sao Paulo, Brazil",1,0
"Concordville, Pennsylvania, United States",1,1
"Congonhas, State of Minas Gerais, Brazil",1,0
"Connersville, Indiana, United States",1,1
"Constantine, Constantine Province, Algeria",1,0
"Contagem, State of Minas Gerais, Brazil",1,1
"Conway, New Hampshire, United States",1,1
"Cookeville, Tennessee, United States",1,1
"Coon Rapids, Minnesota, United States",1,1
"Cooper City, Florida, United States",1,1
"Cooperstown, New York, United States",1,1
"Copiapo, Atacama, Chile",1,0
"Coquimbo, Coquimbo, Chile",1,1
"Coral Springs, Florida, United States",1,1
"Corbin, Kentucky, United States",1,1
"Cordova, Alaska, United States",1,1
"Corinth, Mississippi, United States",1,1
"Cornish, Maine, United States",1,1
"Corona de Tucson, Arizona, United States",1,0
"Coronel Suarez, Buenos Aires Province, Argentina",1,0
"Corte Madera, California, United States",1,1
"Cortland, Ohio, United States",1,1
"Corydon, Indiana, United States",1,1
"Corydon, Iowa, United States",1,1
"Cotabato City, Bangsamoro Autonomous Region in Muslim Mindanao, Philippines",1,0
"Cotati, California, United States",1,0
"Cotoca, Santa Cruz Department, Bolivia",1,1
"Cotonou, Littoral Department, Benin",1,0
"Cottage Grove, Minnesota, United States",1,1
"Cottonwood-Verde Village, Arizona, United States",1,1
"Courtenay, British Columbia, Canada",1,1
"Couvin, Wallonia, Belgium",1,0
"Coventry, Connecticut, United States",1,1
"Covington, Louisiana, United States",1,1
"Cresskill, New Jersey, United States",1,1
"Crestview, Florida, United States",1,1
"Crestwood, Missouri, United States",1,1
"Creve Coeur, Missouri, United States",1,1
"Cristuru Secuiesc, Harghita County, Romania",1,0
"Crookston, Minnesota, United States",1,1
"Cross Plains, Tennessee, United States",1,1
"Crossville, Tennessee, United States",1,1
"Crown Point, Indiana, United States",1,1
"Croydon, England, United Kingdom",1,1
"Croydon, Pennsylvania, United States",1,1
"Cruz Alta, State of Rio Grande do Sul, Brazil",1,1
"Crystal Springs, Mississippi, United States",1,1
"Cuautla, Morelos, Mexico",1,0
"Cucuta, North Santander, Colombia",1,0
"Cudahy, California, United States",1,1
"Cudahy, Wisconsin, United States",1,0
"Cuernavaca, Morelos, Mexico",1,0
"Culiacan, Sinaloa, Mexico",1,0
"Cumberland, Wisconsin, United States",1,1
"Cumbernauld, Scotland, United Kingdom",1,1
"Cuprija, (not set), Serbia",1,1
"Cusseta, Georgia, United States",1,1
"Cwmbran, Wales, United Kingdom",1,1
"Daggett, California, United States",1,1
"Dale City, Virginia, United States",1,1
"Dalian, Liaoning, China",1,1
"Dalkeith, Scotland, United Kingdom",1,0
"Dallas, Georgia, United States",1,1
"Dalung, Bali, Indonesia",1,0
"Damak, Koshi Province, Nepal",1,0
"Dania Beach, Florida, United States",1,1
"Danville, Virginia, United States",1,1
"Darmstadt, Hessen, Germany",1,1
"Dartmouth, Massachusetts, United States",1,1
"Daska, Punjab, Pakistan",1,0
"Datia, Madhya Pradesh, India",1,0
"David, Chiriqui Province, Panama",1,1
"Davie, Florida, United States",1,1
"Dawson Creek, British Columbia, Canada",1,1
"Da’an District, Taipei City, Taiwan",1,1
"De Pere, Wisconsin, United States",1,1
"De Soto, Kansas, United States",1,1
"DeForest, Wisconsin, United States",1,1
"DeLand, Florida, United States",1,1
"DeSoto, Texas, United States",1,1
"DeWitt, Arkansas, United States",1,1
"Debrecen, Hajdu-Bihar, Hungary",1,1
"Decatur, Alabama, United States",1,1
"Decatur, Tennessee, United States",1,1
"Dedham, Massachusetts, United States",1,1
"Deer Park, California, United States",1,1
"Deerlijk, Flanders, Belgium",1,1
"Degollado, Jalisco, Mexico",1,0
"Deiyai Regency, (not set), Indonesia",1,1
"Del Rio, Texas, United States",1,1
"Delavan, Wisconsin, United States",1,1
"Delcambre, Louisiana, United States",1,0
"Dell City, Texas, United States",1,1
"Dell Rapids, South Dakota, United States",1,1
"Delta, Utah, United States",1,1
"Demak, Central Java, Indonesia",1,0
"Demopolis, Alabama, United States",1,0
"Denison, Texas, United States",1,1
"Dennis, Massachusetts, United States",1,1
"Denton, England, United Kingdom",1,1
"Denton, Maryland, United States",1,0
"Denville, New Jersey, United States",1,1
"Deoria, Uttar Pradesh, India",1,1
"Depok, Special Region of Yogyakarta, Indonesia",1,0
"Dera Ghazi Khan, Punjab, Pakistan",1,1
"Dera Ismail Khan, Khyber Pakhtunkhwa, Pakistan",1,0
"Derby, Kansas, United States",1,1
"Derna, Derna District, Libya",1,1
"Des Peres, Missouri, United States",1,0
"Desenzano del Garda, Lombardy, Italy",1,1
"Destin, Florida, United States",1,1
"Devils Lake, North Dakota, United States",1,1
"Devine, Texas, United States",1,0
"Devonport, Tasmania, Australia",1,1
"Dhamdha, Chhattisgarh, India",1,0
"Dhamsana, Dhaka Division, Bangladesh",1,0
"Dhanbad, Jharkhand, India",1,0
"Dhenkanal, Odisha, India",1,1
"Di An, Binh Duong, Vietnam",1,0
"Diamantina, State of Minas Gerais, Brazil",1,1
"Diamond Springs, California, United States",1,1
"Didim, Aydin, Türkiye",1,0
"Diepholz, Lower Saxony, Germany",1,1
"Diest, Flanders, Belgium",1,1
"Dijkot, Punjab, Pakistan",1,0
"Dimitrovgrad, Ulyanovsk Oblast, Russia",1,0
"Dina, Punjab, Pakistan",1,0
"Dinajpur, Rangpur Division, Bangladesh",1,0
"Dindigul West, Tamil Nadu, India",1,1
"Dire Dawa, (not set), Ethiopia",1,0
"Dishna, Qena Governorate, Egypt",1,1
"Divinopolis, State of Minas Gerais, Brazil",1,0
"Dixmoor, Illinois, United States",1,1
"Dixon, California, United States",1,1
"Dixon, Illinois, United States",1,1
"Djelfa, Djelfa Province, Algeria",1,0
"Djien Bien Phu, Dien Bien, Vietnam",1,0
"Dois Vizinhos, State of Parana, Brazil",1,1
"Dolores, Buenos Aires Province, Argentina",1,0
"Don Torcuato, Buenos Aires Province, Argentina",1,1
"Doncaster, England, United Kingdom",1,0
"Dong Ha, Quang Tri, Vietnam",1,0
"Doniphan, Missouri, United States",1,1
"Doral, Florida, United States",1,1
"Dorval, Quebec, Canada",1,0
"Dothan, Alabama, United States",1,1
"Douglas, (not set), Isle of Man",1,1
"Douglasville, Georgia, United States",1,1
"Dowagiac, Michigan, United States",1,0
"Downingtown, Pennsylvania, United States",1,1
"Downs, Illinois, United States",1,1
"Dramaga, West Java, Indonesia",1,0
"Drammen Municipality, Buskerud, Norway",1,1
"Dreieich, Hessen, Germany",1,1
"Dripping Springs, Texas, United States",1,1
"Drohobych, Lviv Oblast, Ukraine",1,1
"Drumheller, Alberta, Canada",1,1
"Drumright, Oklahoma, United States",1,1
"Duisburg, North Rhine-Westphalia, Germany",1,0
"Duitama, Boyaca, Colombia",1,1
"Dumai, Riau, Indonesia",1,1
"Dumas, Arkansas, United States",1,0
"Dumbravita, Timis, Romania",1,1
"Dunedin, Otago Region, New Zealand",1,1
"Dunkirk, New York, United States",1,0
"Dunn, North Carolina, United States",1,1
"Dunstable, Massachusetts, United States",1,1
"Dunwoody, Georgia, United States",1,1
"Duque de Caxias, State of Rio de Janeiro, Brazil",1,0
"Duran, Guayas, Ecuador",1,1
"Durand, Wisconsin, United States",1,0
"Durant, Oklahoma, United States",1,1
"Durban, KwaZulu-Natal, South Africa",1,0
"Durgapur, West Bengal, India",1,0
"Durres, Durres County, Albania",1,1
"Duvall, Washington, United States",1,0
"Duxbury, Massachusetts, United States",1,1
"Duzce, Duzce, Türkiye",1,0
"Dwight, Illinois, United States",1,1
"Dyersburg, Tennessee, United States",1,0
"Eagan, Minnesota, United States",1,1
"Eagle, Colorado, United States",1,1
"Eagle, Idaho, United States",1,1
"Eagle Pass, Texas, United States",1,0
"Eagle Point, Oregon, United States",1,1
"Easley, South Carolina, United States",1,1
"East Amherst, New York, United States",1,1
"East Bethel, Minnesota, United States",1,1
"East Ellijay, Georgia, United States",1,1
"East Grand Forks, Minnesota, United States",1,0
"East Greenwich, Rhode Island, United States",1,1
"East Gwillimbury, Ontario, Canada",1,1
"East Kilbride, Scotland, United Kingdom",1,1
"East Lake-Orient Park, Florida, United States",1,1
"East Lansing, Michigan, United States",1,1
"East Longmeadow, Massachusetts, United States",1,1
"East Northport, New York, United States",1,1
"East Patchogue, New York, United States",1,1
"East Providence, Rhode Island, United States",1,1
"East Rochester, New York, United States",1,1
"East Rutherford, New Jersey, United States",1,1
"East St. Louis, Illinois, United States",1,1
"East Troy, Wisconsin, United States",1,1
"Eastbourne, England, United Kingdom",1,1
"Eastchester, New York, United States",1,1
"Eastleigh, England, United Kingdom",1,1
"Easton, Maryland, United States",1,1
"Eatontown, New Jersey, United States",1,1
"Eden, New York, United States",1,1
"Eden, North Carolina, United States",1,0
"Edenbridge, England, United Kingdom",1,1
"Edenton, North Carolina, United States",1,1
"Edgefield, South Carolina, United States",1,0
"Edgerton, Wisconsin, United States",1,1
"Edgewood, Kentucky, United States",1,1
"Edinburg, Texas, United States",1,1
"Edisto Island, South Carolina, United States",1,1
"Edogawa City, Tokyo, Japan",1,0
"Edson, Alberta, Canada",1,1
"Edwards Air Force Base, California, United States",1,1
"Efrat, (not set), Palestine",1,1
"Egg Harbor, Wisconsin, United States",1,0
"Egg Harbor Township, New Jersey, United States",1,1
"Egremont, Massachusetts, United States",1,1
"El Aioun, Oriental, Morocco",1,1
"El Alto, La Paz Department, Bolivia",1,0
"El Bassatine, Ben Arous Governorate, Tunisia",1,0
"El Granada, California, United States",1,1
"El Khroub, Constantine Province, Algeria",1,0
"El Salto, Jalisco, Mexico",1,1
"El Talar, Buenos Aires Province, Argentina",1,1
"El Vigia, Merida, Venezuela",1,0
"El-Senbellawein, Dakahlia Governorate, Egypt",1,0
"Elayavoor, Kerala, India",1,0
"Elberton, Georgia, United States",1,1
"Eldersburg, Maryland, United States",1,1
"Elista, Republic of Kalmykia, Russia",1,1
"Elizabeth, New Jersey, United States",1,1
"Elizabethtown, North Carolina, United States",1,0
"Elizabethtown, Pennsylvania, United States",1,1
"Elk, Warmian-Masurian Voivodeship, Poland",1,1
"Elkhart, Kansas, United States",1,1
"Elkridge, Maryland, United States",1,1
"Elkton, Virginia, United States",1,1
"Ellicott City, Maryland, United States",1,1
"Ellington, Connecticut, United States",1,1
"Ellsworth, Kansas, United States",1,0
"Ellsworth, Maine, United States",1,1
"Elmshorn, Schleswig-Holstein, Germany",1,1
"Elmwood, Louisiana, United States",1,1
"Eloy, Arizona, United States",1,1
"Ely, Minnesota, United States",1,0
"Embu-Guacu, State of Sao Paulo, Brazil",1,0
"Emerson, New Jersey, United States",1,1
"Emeryville, California, United States",1,1
"Emmen, Drenthe, Netherlands",1,1
"Emporia, Virginia, United States",1,1
"Enfield, Connecticut, United States",1,1
"Engels, Saratov Oblast, Russia",1,1
"Ennerdale, Gauteng, South Africa",1,0
"Ennis, Texas, United States",1,0
"Enon, Ohio, United States",1,1
"Ensenada, Buenos Aires Province, Argentina",1,0
"Enterprise, Alabama, United States",1,1
"Enterprise, Utah, United States",1,1
"Eolia, Missouri, United States",1,1
"Epping, New Hampshire, United States",1,1
"Erechim, State of Rio Grande do Sul, Brazil",1,0
"Eregli, Zonguldak, Türkiye",1,1
"Erwin, Tennessee, United States",1,1
"Eschweiler, North Rhine-Westphalia, Germany",1,1
"Esh Winning, England, United Kingdom",1,1
"Eskisehir, Eskisehir, Türkiye",1,1
"Espanola, New Mexico, United States",1,1
"Esperanza, Santa Fe Province, Argentina",1,0
"Espumoso, State of Rio Grande do Sul, Brazil",1,0
"Esquel, Chubut Province, Argentina",1,0
"Esquipulas, Chiquimula Department, Guatemala",1,0
"Essex, Maryland, United States",1,1
"Estancia, New Mexico, United States",1,1
"Estoril, Lisbon, Portugal",1,1
"Ettumanoor, Kerala, India",1,0
"Eucalyptus Hills, California, United States",1,1
"Euless, Texas, United States",1,1
"Eureka, Montana, United States",1,0
"Eustace, Texas, United States",1,1
"Eustis, Florida, United States",1,1
"Evanston, Wyoming, United States",1,0
"Evergreen, Colorado, United States",1,1
"Evergreen, Montana, United States",1,1
"Ewa Beach, Hawaii, United States",1,1
"Exeter, Pennsylvania, United States",1,1
"Extrema, State of Minas Gerais, Brazil",1,0
"Fair Haven, New Jersey, United States",1,1
"Fair Play, South Carolina, United States",1,1
"Fairbanks Ranch, California, United States",1,1
"Fairfax, Oklahoma, United States",1,0
"Fairfield, New Jersey, United States",1,1
"Fairland, Maryland, United States",1,1
"Fairlawn, Ohio, United States",1,1
"Fairview, Texas, United States",1,1
"Fairwood, Washington, United States",1,1
"Faith, South Dakota, United States",1,0
"Fanwood, New Jersey, United States",1,1
"Farmers Branch, Texas, United States",1,1
"Farmington, Minnesota, United States",1,1
"Farmville, Virginia, United States",1,1
"Farnborough, England, United Kingdom",1,1
"Faro, Faro District, Portugal",1,1
"Fatehabad, Haryana, India",1,0
"Fawn Grove, Pennsylvania, United States",1,1
"Fayette, Alabama, United States",1,0
"Fayetteville, North Carolina, United States",1,1
"Fellsmere, Florida, United States",1,1
"Fergus Falls, Minnesota, United States",1,0
"Ferriday, Louisiana, United States",1,1
"Fillmore, California, United States",1,1
"Findlay, Ohio, United States",1,1
"Finneytown, Ohio, United States",1,1
"Firestone, Colorado, United States",1,1
"Fitchburg, Wisconsin, United States",1,1
"Fiumicino, Lazio, Italy",1,1
"Five Forks, South Carolina, United States",1,1
"Fleming Island, Florida, United States",1,1
"Flemingsburg, Kentucky, United States",1,0
"Florence, Colorado, United States",1,1
"Florence, Kentucky, United States",1,1
"Florence, Mississippi, United States",1,1
"Florence, New Jersey, United States",1,1
"Floresville, Texas, United States",1,1
"Florham Park, New Jersey, United States",1,1
"Florianopolis, State of Santa Catarina, Brazil",1,1
"Florida, Florida Department, Uruguay",1,0
"Florida, Valle del Cauca, Colombia",1,1
"Floridablanca, Santander, Colombia",1,0
"Flowood, Mississippi, United States",1,1
"Folsom, Pennsylvania, United States",1,1
"Fonseca, La Guajira, Colombia",1,0
"Forest Hills, Michigan, United States",1,1
"Forest Hills, Tennessee, United States",1,1
"Formiga, State of Minas Gerais, Brazil",1,0
"Formosa, State of Goias, Brazil",1,0
"Forsyth, Georgia, United States",1,0
"Fort Belvoir, Virginia, United States",1,1
"Fort Benton, Montana, United States",1,1
"Fort Davis, Texas, United States",1,1
"Fort Erie, Ontario, Canada",1,1
"Fort Hunt, Virginia, United States",1,1
"Fort Madison, Iowa, United States",1,0
"Fort Meade, Maryland, United States",1,1
"Fort Mill, South Carolina, United States",1,1
"Fort Mitchell, Kentucky, United States",1,0
"Fort Montgomery, New York, United States",1,1
"Fort Payne, Alabama, United States",1,1
"Fort Valley, Georgia, United States",1,1
"Fortuna, California, United States",1,1
"Fostoria, Ohio, United States",1,1
"Fountain Inn, South Carolina, United States",1,1
"Four Corners, Montana, United States",1,1
"Fox Chapel, Pennsylvania, United States",1,1
"Fox Point, Wisconsin, United States",1,1
"Francisco Alvarez, Buenos Aires Province, Argentina",1,0
"Francisco Beltrao, State of Parana, Brazil",1,0
"Francisco Morato, State of Sao Paulo, Brazil",1,0
"Frankfort, Illinois, United States",1,1
"Frankfort, Indiana, United States",1,1
"Frankfort Square, Illinois, United States",1,1
"Franklin, Kentucky, United States",1,1
"Franklin Square, New York, United States",1,1
"Fraser, Michigan, United States",1,1
"Fredericksburg, Texas, United States",1,1
"Frederico Westphalen, State of Rio Grande do Sul, Brazil",1,0
"Fredericton, New Brunswick, Canada",1,0
"Freedom, Wyoming, United States",1,1
"Freetown, Western Area, Sierra Leone",1,0
"Freienbach, Schwyz, Switzerland",1,1
"Fremont, Nebraska, United States",1,1
"Friant, California, United States",1,1
"Frisco, North Carolina, United States",1,1
"Fruit Cove, Florida, United States",1,1
"Fruitvale, Colorado, United States",1,1
"Fruitville, Florida, United States",1,1
"Fuengirola, Andalusia, Spain",1,1
"Fukuoka, Fukuoka, Japan",1,1
"Fulton, Mississippi, United States",1,0
"Fulton, New York, United States",1,1
"Fursy, Kyiv Oblast, Ukraine",1,0
"Fuzhou, Fujian, China",1,1
"Gaithersburg, Maryland, United States",1,1
"Galax, Virginia, United States",1,1
"Galloway, New Jersey, United States",1,1
"Gandia, Valencian Community, Spain",1,1
"Ganj Basoda, Madhya Pradesh, India",1,0
"Gap, Pennsylvania, United States",1,1
"Gap, Provence-Alpes-Cote d'Azur, France",1,1
"Garanhuns, State of Pernambuco, Brazil",1,1
"Garden City, Missouri, United States",1,0
"Gardiner, New York, United States",1,0
"Gardnerville Ranchos, Nevada, United States",1,1
"Garner, North Carolina, United States",1,1
"Garnet, California, United States",1,1
"Gaspar, State of Santa Catarina, Brazil",1,0
"Gastonia, North Carolina, United States",1,1
"Gaur, Madhesh Province, Nepal",1,1
"Gautier, Mississippi, United States",1,1
"Gavle, Gavleborg County, Sweden",1,1
"Geboltskirchen, Upper Austria, Austria",1,1
"Gebze, Kocaeli, Türkiye",1,0
"Gelendzhik, Krasnodar Krai, Russia",1,0
"General Las Heras, Buenos Aires Province, Argentina",1,1
"Geneva, Florida, United States",1,1
"Geneva, Indiana, United States",1,1
"Genteng, East Java, Indonesia",1,0
"Geoje-si, Gyeongsangnam-do, South Korea",1,1
"Georgetown, California, United States",1,1
"Georgetown, Delaware, United States",1,0
"Gera, Thuringia, Germany",1,0
"Gerli, Buenos Aires Province, Argentina",1,0
"Geyserville, California, United States",1,0
"Gharraf, Dhi Qar Governorate, Iraq",1,0
"Gia Nghia, Dak Nong, Vietnam",1,0
"Gig Harbor, Washington, United States",1,1
"Gijon, Asturias, Spain",1,0
"Gilberts, Illinois, United States",1,1
"Gilmer, Texas, United States",1,0
"Gingoog City, Northern Mindanao, Philippines",1,0
"Girard, Pennsylvania, United States",1,1
"Girardot, Cundinamarca, Colombia",1,0
"Girona, Catalonia, Spain",1,0
"Glasgow, Kentucky, United States",1,0
"Glen Burnie, Maryland, United States",1,1
"Glen Rock, New Jersey, United States",1,0
"Glen Rose, Texas, United States",1,1
"Glencoe, Illinois, United States",1,1
"Glencoe, Minnesota, United States",1,0
"Glenrock, Wyoming, United States",1,1
"Glens Falls North, New York, United States",1,1
"Glenside, Pennsylvania, United States",1,1
"Glenwood, Maryland, United States",1,1
"Gluckstadt, Schleswig-Holstein, Germany",1,1
"Goa, Bicol, Philippines",1,0
"Gobernador Costa, Buenos Aires Province, Argentina",1,0
"Golden Hills, California, United States",1,1
"Golden Valley, Arizona, United States",1,1
"Goldens Bridge, New York, United States",1,1
"Gomersal, England, United Kingdom",1,1
"Gonzalez Catan, Buenos Aires Province, Argentina",1,1
"Good Hope, California, United States",1,1
"Gore Bay, Ontario, Canada",1,1
"Goslar, Lower Saxony, Germany",1,0
"Goulburn, New South Wales, Australia",1,0
"Gouverneur, New York, United States",1,0
"Goyang-si, Gyeonggi-do, South Korea",1,1
"Graham, North Carolina, United States",1,1
"Graham, Washington, United States",1,1
"Granada, Andalusia, Spain",1,1
"Granbury, Texas, United States",1,0
"Granby, Quebec, Canada",1,0
"Grand Forks, British Columbia, Canada",1,0
"Grand Haven, Michigan, United States",1,1
"Grand Island, Nebraska, United States",1,1
"Grand Prairie, Texas, United States",1,1
"Grande Prairie, Alberta, Canada",1,1
"Grandville, Michigan, United States",1,1
"Granger, Indiana, United States",1,1
"Granite Falls, Minnesota, United States",1,1
"Grants, New Mexico, United States",1,1
"Grantsville, Utah, United States",1,0
"Granville, New York, United States",1,1
"Grasonville, Maryland, United States",1,1
"Gray, Georgia, United States",1,0
"Great Neck, New York, United States",1,1
"Greci, Tulcea, Romania",1,0
"Greece, New York, United States",1,1
"Green, Ohio, United States",1,1
"Green Valley, Maryland, United States",1,1
"Greenacres, Florida, United States",1,1
"Greenbank, Washington, United States",1,0
"Greenbelt, Maryland, United States",1,1
"Greenbrier, Arkansas, United States",1,0
"Greencastle, Indiana, United States",1,0
"Greendale, Indiana, United States",1,1
"Greenville, Kentucky, United States",1,0
"Greenville, Texas, United States",1,0
"Greenwood, Mississippi, United States",1,1
"Greenwood, South Carolina, United States",1,0
"Greilickville, Michigan, United States",1,1
"Griffith, New South Wales, Australia",1,1
"Grimes, Iowa, United States",1,1
"Grimsby, Ontario, Canada",1,1
"Groningen, Groningen, Netherlands",1,1
"Gross-Gerau, Hessen, Germany",1,1
"Grosse Pointe, Michigan, United States",1,1
"Grosse Pointe Farms, Michigan, United States",1,1
"Grosse Pointe Park, Michigan, United States",1,1
"Grosse Pointe Woods, Michigan, United States",1,0
"Grove City, Ohio, United States",1,1
"Grove Hill, Alabama, United States",1,1
"Groveland, Massachusetts, United States",1,0
"Grover Beach, California, United States",1,1
"Groveton, Virginia, United States",1,1
"Grovetown, Georgia, United States",1,1
"Gruver, Texas, United States",1,1
"Guadalupe, Nuevo Leon, Mexico",1,1
"Guadalupe, Zacatecas, Mexico",1,0
"Guaira, State of Sao Paulo, Brazil",1,1
"Guanare, Portuguesa, Venezuela",1,0
"Guanarito, Portuguesa, Venezuela",1,0
"Guangzhou, Guangdong Province, China",1,1
"Guararapes, State of Sao Paulo, Brazil",1,0
"Guararema, State of Sao Paulo, Brazil",1,1
"Guaratingueta, State of Sao Paulo, Brazil",1,1
"Guarenas, Miranda, Venezuela",1,0
"Guaruja, State of Sao Paulo, Brazil",1,1
"Guaxupe, State of Minas Gerais, Brazil",1,1
"Guaymas, Sonora, Mexico",1,1
"Guelmim, Guelmim-Oued Noun, Morocco",1,1
"Guerneville, California, United States",1,0
"Guernica, Buenos Aires Province, Argentina",1,1
"Guilford, Connecticut, United States",1,1
"Guinobatan, Bicol, Philippines",1,1
"Gulf Shores, Alabama, United States",1,1
"Gulfport, Florida, United States",1,1
"Gulfport, Mississippi, United States",1,1
"Gunpo-si, Gyeonggi-do, South Korea",1,0
"Guntersville, Alabama, United States",1,0
"Guthrie Center, Iowa, United States",1,1
"Ha Giang 1, Tuyen Quang, Vietnam",1,0
"Ha Tinh, Ha Tinh, Vietnam",1,0
"Haddonfield, New Jersey, United States",1,1
"Hadiya, Al Ahmadi Governorate, Kuwait",1,0
"Haedo, Buenos Aires Province, Argentina",1,0
"Haiku-Pauwela, Hawaii, United States",1,1
"Haines City, Florida, United States",1,0
"Haivoron, Kirovohrad Oblast, Ukraine",1,0
"Haliburton, Ontario, Canada",1,1
"Halle (Saale), Saxony-Anhalt, Germany",1,0
"Halmstad, Halland County, Sweden",1,1
"Hamad Town, Northern Governorate, Bahrain",1,1
"Hamilton, Alabama, United States",1,1
"Hamilton, Montana, United States",1,0
"Hamilton, New Jersey, United States",1,0
"Hamilton, Ohio, United States",1,1
"Hamilton, Waikato Region, New Zealand",1,0
"Hamilton Township, New Jersey, United States",1,0
"Hamirpur, Himachal Pradesh, India",1,1
"Hammond, Indiana, United States",1,1
"Hampstead, New Hampshire, United States",1,1
"Hampstead, North Carolina, United States",1,1
"Hampton, England, United Kingdom",1,1
"Hampton, Iowa, United States",1,1
"Hampton Falls, New Hampshire, United States",1,0
"Hanamkonda, Telangana, India",1,0
"Hannahs Mill, Georgia, United States",1,1
"Harbison Canyon, California, United States",1,1
"Hardyston, New Jersey, United States",1,1
"Hargeisa, Woqooyi Galbeed, Somalia",1,0
"Haridwar, Uttarakhand, India",1,0
"Harlan, Iowa, United States",1,0
"Haroonabad, Punjab, Pakistan",1,1
"Harrisburg, Illinois, United States",1,1
"Harrisburg, North Carolina, United States",1,1
"Harrison, Arkansas, United States",1,1
"Harrison, Michigan, United States",1,1
"Harrison, New Jersey, United States",1,1
"Harrison, New York, United States",1,1
"Harrison, Ohio, United States",1,1
"Harrisonburg, Virginia, United States",1,0
"Harrogate, England, United Kingdom",1,1
"Hartford City, Indiana, United States",1,1
"Hartland, Vermont, United States",1,1
"Hartselle, Alabama, United States",1,0
"Harvey, Illinois, United States",1,1
"Haskell, Texas, United States",1,1
"Haskovo, Haskovo Province, Bulgaria",1,1
"Hastings-on-Hudson, New York, United States",1,1
"Hat Yai, Songkhla, Thailand",1,1
"Hawkesbury, Ontario, Canada",1,1
"Hawthorne, Florida, United States",1,1
"Hazelwood, Missouri, United States",1,1
"Hazlehurst, Georgia, United States",1,1
"Healdsburg, California, United States",1,1
"Heber City, Utah, United States",1,1
"Heerhugowaard, North Holland, Netherlands",1,1
"Heesch, North Brabant, Netherlands",1,1
"Heidelberg, Baden-Wurttemberg, Germany",1,1
"Heilbronn, Baden-Wurttemberg, Germany",1,1
"Helena, Alabama, United States",1,1
"Helendale, California, United States",1,0
"Helsingborg, Skane County, Sweden",1,1
"Hemei Township, Changhua County, Taiwan",1,0
"Hemel Hempstead, England, United Kingdom",1,1
"Hempstead, New York, United States",1,1
"Henderson, Kentucky, United States",1,1
"Hengelo, Overijssel, Netherlands",1,1
"Henrietta, New York, United States",1,1
"Heraklion, Attica, Greece",1,0
"Herculaneum, Missouri, United States",1,1
"Heredia, (not set), Costa Rica",1,0
"Hereford, England, United Kingdom",1,0
"Heritage Hills, New York, United States",1,1
"Hermann, Missouri, United States",1,1
"Hermitage, Pennsylvania, United States",1,1
"Hermosa, Central Luzon, Philippines",1,1
"Hermosillo, Sonora, Mexico",1,0
"Herreid, South Dakota, United States",1,0
"Hershey, Pennsylvania, United States",1,1
"Herxheim bei Landau/Pfalz, Rhineland-Palatinate, Germany",1,1
"Hickam Air Force Base, Hawaii, United States",1,0
"Hidden Hills, California, United States",1,1
"High Ridge, Missouri, United States",1,1
"High Springs, Florida, United States",1,1
"Highland Park, Texas, United States",1,1
"Higuey, La Altagracia Province, Dominican Republic",1,1
"Hilliard, Ohio, United States",1,1
"Hillsboro, Kansas, United States",1,1
"Hillsboro, Ohio, United States",1,1
"Hillsboro, Wisconsin, United States",1,1
"Hillsdale, New Jersey, United States",1,1
"Hilmar, California, United States",1,1
"Hilongos, Eastern Visayas, Philippines",1,1
"Hilton, New York, United States",1,1
"Hinton, Alberta, Canada",1,0
"Hiratsuka, Kanagawa, Japan",1,1
"Hitchcock, Texas, United States",1,0
"Hobart, Oklahoma, United States",1,0
"Hobe Sound, Florida, United States",1,0
"Hogansville, Georgia, United States",1,1
"Hoisdorf, Schleswig-Holstein, Germany",1,1
"Holambra, State of Sao Paulo, Brazil",1,0
"Holdenville, Oklahoma, United States",1,1
"Holladay, Utah, United States",1,1
"Holland Township, New Jersey, United States",1,1
"Homedale, Idaho, United States",1,1
"Homer, Alaska, United States",1,1
"Homer, Louisiana, United States",1,0
"Homestead, Florida, United States",1,0
"Homiel, Gomel Region, Belarus",1,0
"Honeoye Falls, New York, United States",1,1
"Hong Linh, Ha Tinh, Vietnam",1,0
"Hopatcong, New Jersey, United States",1,1
"Hope Mills, North Carolina, United States",1,0
"Hopewell Township, New Jersey, United States",1,1
"Horizon City, Texas, United States",1,0
"Horsching, Upper Austria, Austria",1,1
"Horsham, Pennsylvania, United States",1,1
"Hoshiarpur, Punjab, India",1,1
"Hoskote, Karnataka, India",1,1
"Hot Springs, Arkansas, United States",1,1
"Hot Springs, South Dakota, United States",1,1
"Hot Springs Village, Arkansas, United States",1,1
"Houghton, New York, United States",1,0
"Hounslow, England, United Kingdom",1,1
"Houston, Mississippi, United States",1,0
"Houston, Missouri, United States",1,0
"Howell, Michigan, United States",1,1
"Howrah, West Bengal, India",1,1
"Hoyerswerda, Saxony, Germany",1,0
"Hrodna, Hrodna Region, Belarus",1,1
"Huaraz, Ancash, Peru",1,0
"Hubballi, Karnataka, India",1,1
"Hubbard, Iowa, United States",1,0
"Huber Heights, Ohio, United States",1,1
"Hudson Oaks, Texas, United States",1,1
"Hugoton, Kansas, United States",1,1
"Hukou Township, Hsinchu County, Taiwan",1,1
"Humberto Primo, Santa Fe Province, Argentina",1,0
"Huntingburg, Indiana, United States",1,1
"Huntington, Indiana, United States",1,1
"Huntingtown, Maryland, United States",1,1
"Huong Thuy, Hue City, Vietnam",1,0
"Hurghada, Red Sea Governorate, Egypt",1,1
"Hurlingham, Buenos Aires Province, Argentina",1,1
"Hurricane, Utah, United States",1,1
"Hyde, England, United Kingdom",1,1
"Iasi, Iasi County, Romania",1,0
"Ibague, Tolima, Colombia",1,0
"Ida, Michigan, United States",1,1
"Igdir, Igdir, Türkiye",1,1
"Ijui, State of Rio Grande do Sul, Brazil",1,0
"Ikorodu, Lagos, Nigeria",1,1
"Ilford, England, United Kingdom",1,1
"Ilfracombe, England, United Kingdom",1,1
"Ilion, New York, United States",1,1
"Illintsi, Vinnytsia Oblast, Ukraine",1,0
"Imbituba, State of Santa Catarina, Brazil",1,0
"Imperatriz, State of Maranhao, Brazil",1,1
"Imperial, Nebraska, United States",1,0
"Incheon, Incheon, South Korea",1,1
"Indaiatuba, State of Sao Paulo, Brazil",1,1
"Independence, Kansas, United States",1,1
"Independence, Kentucky, United States",1,0
"Indian Trail, North Carolina, United States",1,1
"Inezgane, Souss-Massa, Morocco",1,1
"Infanta, Calabarzon, Philippines",1,1
"Ingeniero Budge, Buenos Aires Province, Argentina",1,0
"Ingersoll, Ontario, Canada",1,1
"Innsbrook, Missouri, United States",1,1
"Inver Grove Heights, Minnesota, United States",1,1
"Inverness Highlands South, Florida, United States",1,1
"Inverurie, Scotland, United Kingdom",1,1
"Ipatinga, State of Minas Gerais, Brazil",1,1
"Ipswich, Massachusetts, United States",1,1
"Irece, State of Bahia, Brazil",1,0
"Iron Mountain, Michigan, United States",1,1
"Iron River, Michigan, United States",1,1
"Iron River, Wisconsin, United States",1,1
"Ironwood, Michigan, United States",1,1
"Irpin, Kyiv Oblast, Ukraine",1,0
"Irvine, Kentucky, United States",1,1
"Irvington, New Jersey, United States",1,1
"Isabela, Western Visayas, Philippines",1,0
"Isidro Casanova, Buenos Aires Province, Argentina",1,0
"Iskandar Puteri, Johor, Malaysia",1,1
"Iskenderun, Hatay, Türkiye",1,0
"Ismailia, Ismailia Governorate, Egypt",1,1
"Istra, Moscow Oblast, Russia",1,0
"Itabaiana, State of Sergipe, Brazil",1,1
"Itabashi City, Tokyo, Japan",1,1
"Itaborai, State of Rio de Janeiro, Brazil",1,0
"Itapeva, State of Sao Paulo, Brazil",1,0
"Itapoa, State of Santa Catarina, Brazil",1,0
"Itaqui, State of Rio Grande do Sul, Brazil",1,0
"Itu, State of Sao Paulo, Brazil",1,0
"Ituzaingo, Buenos Aires Province, Argentina",1,0
"Itzehoe, Schleswig-Holstein, Germany",1,1
"Ivano-Frankivsk, Ivano-Frankivsk Oblast, Ukraine",1,0
"Ivanteyevka, Moscow Oblast, Russia",1,1
"Ixtapa, Jalisco, Mexico",1,0
"Izbiceni, Olt County, Romania",1,0
"Jabalpur, Madhya Pradesh, India",1,0
"Jaboatao dos Guararapes, State of Pernambuco, Brazil",1,1
"Jacksonville, North Carolina, United States",1,1
"Jacksonville, Texas, United States",1,1
"Jaguaquara, State of Bahia, Brazil",1,0
"Jaguariaiva, State of Parana, Brazil",1,1
"Jalalpore, Gujarat, India",1,0
"Jalapa, Jalapa Department, Guatemala",1,0
"Jalshiri Abason, Dhaka Division, Bangladesh",1,0
"Jamestown, North Dakota, United States",1,0
"Jammu Narayana Puram Rural, Andhra Pradesh, India",1,1
"Jamul, California, United States",1,1
"Jamundi, Valle del Cauca, Colombia",1,1
"Januaria, State of Minas Gerais, Brazil",1,1
"Janzur, Tripoli District, Libya",1,0
"Japeri, State of Rio de Janeiro, Brazil",1,0
"Jaragua, State of Goias, Brazil",1,0
"Jarinu, State of Sao Paulo, Brazil",1,0
"Jasinga, West Java, Indonesia",1,1
"Jasmine Estates, Florida, United States",1,1
"Jasper, Georgia, United States",1,1
"Jasper, Indiana, United States",1,0
"Jasper, Texas, United States",1,0
"Jatibarang, West Java, Indonesia",1,0
"Jefferson, Texas, United States",1,0
"Jeju-si, Jeju-do, South Korea",1,1
"Jember, East Java, Indonesia",1,0
"Jenin, (not set), Palestine",1,0
"Jenison, Michigan, United States",1,1
"Jessup, Maryland, United States",1,1
"Jesup, Iowa, United States",1,1
"Jesus de Otoro, Intibuca Department, Honduras",1,0
"Jewell, Iowa, United States",1,1
"Jhang, Punjab, Pakistan",1,0
"Jhelum, Punjab, Pakistan",1,0
"Jiaxing, Zhejiang, China",1,1
"Jilotepec de Molina Enriquez, State of Mexico, Mexico",1,0
"Jimenez, Limon Province, Costa Rica",1,0
"Jind, Haryana, India",1,0
"Jinju-si, Gyeongsangnam-do, South Korea",1,1
"Joao Monlevade, State of Minas Gerais, Brazil",1,1
"Johnson Lane, Nevada, United States",1,1
"Johnston, Rhode Island, United States",1,1
"Johnstown, New York, United States",1,1
"Jonesboro, Georgia, United States",1,1
"Jose Bonifacio, State of Sao Paulo, Brazil",1,0
"Juarez, Nuevo Leon, Mexico",1,0
"Juazeiro do Norte, Ceara, Brazil",1,1
"Juiz de Fora, State of Minas Gerais, Brazil",1,0
"Jundiai, State of Sao Paulo, Brazil",1,1
"Juneau, Alaska, United States",1,1
"Jupiter Island, Florida, United States",1,1
"Justin, Texas, United States",1,1
"Kaanapali, Hawaii, United States",1,1
"Kabirpur, Dhaka Division, Bangladesh",1,0
"Kabul, Kabul, Afghanistan",1,1
"Kadi, Gujarat, India",1,1
"Kailua, Hawaii, United States",1,1
"Kakinada, Andhra Pradesh, India",1,0
"Kalabancoro, Koulikoro Region, Mali",1,0
"Kaliganj, Dhaka Division, Bangladesh",1,0
"Kaliningrad, Kaliningrad Oblast, Russia",1,1
"Kalmar, Kalmar County, Sweden",1,0
"Kankakee, Illinois, United States",1,0
"Kannapolis, North Carolina, United States",1,1
"Kargicak, Antalya, Türkiye",1,0
"Karimnagar, Telangana, India",1,0
"Kathmandu, (not set), Nepal",1,1
"Katy, Texas, United States",1,1
"Kawit, Calabarzon, Philippines",1,1
"Kaysville, Utah, United States",1,1
"Kearns, Utah, United States",1,1
"Kebumen, Central Java, Indonesia",1,0
"Kefar Sava, Center District, Israel",1,1
"Kemang, West Java, Indonesia",1,0
"Kemp Mill, Maryland, United States",1,0
"Kempner, Texas, United States",1,0
"Kendall, New York, United States",1,1
"Kendallville, Indiana, United States",1,1
"Kenitra, Rabat-Sale-Kenitra, Morocco",1,1
"Kent, Ohio, United States",1,1
"Kenton, Ohio, United States",1,1
"Kentwood, Michigan, United States",1,1
"Kenwood, Ohio, United States",1,1
"Kermit, Texas, United States",1,1
"Kerrville, Texas, United States",1,1
"Kerteh, Terengganu, Malaysia",1,0
"Kettering, Maryland, United States",1,1
"Khairpur, Sindh, Pakistan",1,1
"Khairpur Tamewali, Punjab, Pakistan",1,0
"Khanewal, Punjab, Pakistan",1,1
"Khanke, Duhok Governorate, Iraq",1,0
"Khanty-Mansiysk, Khanty-Mansi Autonomous Okrug, Russia",1,1
"Kharar, Punjab, India",1,1
"Khlong Khoi, Nonthaburi, Thailand",1,0
"Khorol, Poltava Oblast, Ukraine",1,0
"Khouribga, Beni Mellal-Khenifra, Morocco",1,1
"Khurrianwala, Punjab, Pakistan",1,0
"Kidron, Ohio, United States",1,1
"Kilgore, Texas, United States",1,1
"Killdeer, North Dakota, United States",1,1
"Killeen, Texas, United States",1,1
"Killington, Vermont, United States",1,1
"Kimball, Nebraska, United States",1,0
"Kimball, South Dakota, United States",1,0
"Kimberley, British Columbia, Canada",1,1
"King City, Missouri, United States",1,1
"King George, Virginia, United States",1,0
"Kingman, Kansas, United States",1,1
"Kingsbury, Nevada, United States",1,1
"Kingsland, Georgia, United States",1,1
"Kingsley, Iowa, United States",1,1
"Kingsteignton, England, United Kingdom",1,1
"Kingston, New York, United States",1,1
"Kingston, Tennessee, United States",1,1
"Kingston, Washington, United States",1,1
"Kingstree, South Carolina, United States",1,0
"Kinshasa, (not set), Congo - Kinshasa",1,1
"Kirchzarten, Baden-Wurttemberg, Germany",1,1
"Kirikkale, Kirikkale, Türkiye",1,0
"Kirishi, Leningrad Oblast, Russia",1,1
"Kirov, Kirov Oblast, Russia",1,1
"Kirovo-Chepetsk, Kirov Oblast, Russia",1,1
"Kiruna, Norrbotten County, Sweden",1,1
"Kishoreganj, Rangpur Division, Bangladesh",1,1
"Kitimat, British Columbia, Canada",1,0
"Kitzingen, Bavaria, Germany",1,0
"Kiziltepe, Mardin, Türkiye",1,0
"Kladno, Central Bohemian Region, Czechia",1,1
"Klaten, Central Java, Indonesia",1,0
"Kluang, Johor, Malaysia",1,1
"Ko Lak, Prachuap Khiri Khan, Thailand",1,0
"Kobe, Hyogo, Japan",1,0
"Koh Samui, Surat Thani, Thailand",1,0
"Kollam, Kerala, India",1,1
"Kolomna, Moscow Oblast, Russia",1,0
"Kon Tum, Kon Tum, Vietnam",1,1
"Kopavogur, (not set), Iceland",1,1
"Korba, Chhattisgarh, India",1,0
"Korce, Korce County, Albania",1,0
"Korfez, Kocaeli, Türkiye",1,0
"Kostanay, Kostanay Region, Kazakhstan",1,0
"Kottakota, Telangana, India",1,0
"Kotzebue, Alaska, United States",1,1
"Kramatorsk, Donetsk Oblast, Ukraine",1,0
"Kramfors, Vasternorrland County, Sweden",1,1
"Kropyvnytskyi, Kirovohrad Oblast, Ukraine",1,0
"Kryvyi Rih, Dnipropetrovsk Oblast, Ukraine",1,0
"Kualuh Hilir, North Sumatra, Indonesia",1,0
"Kuantan, Pahang, Malaysia",1,1
"Kukes, Kukes County, Albania",1,0
"Kurgan, Kurgan Oblast, Russia",1,1
"Kurtistown, Hawaii, United States",1,1
"Kyle, Texas, United States",1,1
"Kyoto, Kyoto, Japan",1,1
"Kyrenia, (not set), Cyprus",1,0
"Kyustendil, Kyustendil Province, Bulgaria",1,0
"Kyzyl, Tuva Republic, Russia",1,1
"La Calera, Cordoba Province, Argentina",1,1
"La Ceiba, Atlantida Department, Honduras",1,0
"La Chorrera, Panama Oeste Province, Panama",1,0
"La Concepcion, Chiriqui Province, Panama",1,0
"La Concepcion, Zulia, Venezuela",1,1
"La Crosse, Kansas, United States",1,1
"La Gi, Binh Thuan, Vietnam",1,0
"La Gi, Lam Dong, Vietnam",1,0
"La Grange Park, Illinois, United States",1,1
"La Habra Heights, California, United States",1,1
"La Lima, Cortes Department, Honduras",1,0
"La Marsa, Tunis Governorate, Tunisia",1,0
"La Serena, Coquimbo, Chile",1,0
"La Vergne, Tennessee, United States",1,1
"La Verkin, Utah, United States",1,0
"La Veta, Colorado, United States",1,1
"La Virginia, Risaralda, Colombia",1,0
"La Vista, Nebraska, United States",1,1
"LaBelle, Florida, United States",1,1
"LaFayette, New York, United States",1,1
"LaGrange, Georgia, United States",1,1
"LaGrange, Ohio, United States",1,1
"LaPlace, Louisiana, United States",1,1
"Lacey Township, New Jersey, United States",1,1
"Lachute, Quebec, Canada",1,0
"Ladera Heights, California, United States",1,1
"Ladwa, Haryana, India",1,0
"Laghouat, Laghouat Province, Algeria",1,1
"Lagoa da Prata, State of Minas Gerais, Brazil",1,0
"Laguna, New Mexico, United States",1,1
"Lahaina, Hawaii, United States",1,1
"Lai Chau, Lai Chau, Vietnam",1,1
"Lake Bluff, Illinois, United States",1,1
"Lake Buena Vista, Florida, United States",1,0
"Lake Carmel, New York, United States",1,1
"Lake Grove, New York, United States",1,1
"Lake Lotawana, Missouri, United States",1,1
"Lake Monticello, Virginia, United States",1,1
"Lake Park, Georgia, United States",1,0
"Lake Placid, Florida, United States",1,1
"Lake Placid, New York, United States",1,1
"Lake Ridge, Virginia, United States",1,1
"Lake Villa, Illinois, United States",1,1
"Lake in the Hills, Illinois, United States",1,1
"Lakeland Highlands, Florida, United States",1,1
"Lakewood, New Jersey, United States",1,1
"Lakewood, Washington, United States",1,1
"Lalganj, Uttar Pradesh, India",1,1
"Lalitpur, Bagmati Province, Nepal",1,1
"Lamar, Missouri, United States",1,1
"Lampang, Lampang, Thailand",1,0
"Lancaster, South Carolina, United States",1,1
"Lander, Wyoming, United States",1,1
"Langdon, North Dakota, United States",1,0
"Langford, British Columbia, Canada",1,1
"Langley, British Columbia, Canada",1,1
"Lansdale, Pennsylvania, United States",1,1
"Lansing, Kansas, United States",1,0
"Lansing, New York, United States",1,1
"Laredo, Texas, United States",1,1
"Las Piedras, Canelones Department, Uruguay",1,0
"Las Pinas, Metro Manila, Philippines",1,1
"Las Toninas, Buenos Aires Province, Argentina",1,1
"Latham, New York, United States",1,0
"Lattingtown, New York, United States",1,1
"Laurel, Maryland, United States",1,1
"Laurinburg, North Carolina, United States",1,1
"Lawndale, California, United States",1,1
"Lawrence, Massachusetts, United States",1,1
"Lawrence Township, New Jersey, United States",1,1
"Le Grand-Quevilly, Normandy, France",1,0
"Le Mans, Pays de la Loire, France",1,1
"Lebanon, Pennsylvania, United States",1,0
"Lebanon, Virginia, United States",1,0
"Lee, Massachusetts, United States",1,1
"Lekki, Lagos, Nigeria",1,0
"Leland, North Carolina, United States",1,0
"Lemont, Illinois, United States",1,1
"Lemoore, California, United States",1,1
"Lenggong, Perak, Malaysia",1,0
"Leominster, Massachusetts, United States",1,0
"Leslie, Michigan, United States",1,1
"Lesterville, Missouri, United States",1,0
"Lethbridge, Alberta, Canada",1,1
"Levis, Quebec, Canada",1,1
"Levittown, Pennsylvania, United States",1,1
"Lewiston, Michigan, United States",1,1
"Lewistown, Montana, United States",1,0
"Lexington, Massachusetts, United States",1,1
"Lexington, Nebraska, United States",1,0
"Liberal, Kansas, United States",1,1
"Liberec, Liberec Region, Czechia",1,1
"Liberty, Missouri, United States",1,1
"Liberty, South Carolina, United States",1,1
"Libertyville, Illinois, United States",1,1
"Liege, Wallonia, Belgium",1,0
"Ligao City, Bicol, Philippines",1,0
"Lilburn, Georgia, United States",1,1
"Lillington, North Carolina, United States",1,1
"Lima, Ohio, United States",1,1
"Limestone Township, Illinois, United States",1,0
"Limon, Colorado, United States",1,0
"Limpio, Central Department, Paraguay",1,0
"Lincoln, England, United Kingdom",1,1
"Lincoln, Missouri, United States",1,1
"Lincoln Park, Michigan, United States",1,1
"Lindale, Texas, United States",1,1
"Linden, New Jersey, United States",1,1
"Lindenhurst, New York, United States",1,1
"Lingya District, Kaohsiung City, Taiwan",1,0
"Linhares, State of Espirito Santo, Brazil",1,1
"Lititz, Pennsylvania, United States",1,1
"Little Elm, Texas, United States",1,1
"Little Falls, Minnesota, United States",1,1
"Little Ferry, New Jersey, United States",1,1
"Livonia, Louisiana, United States",1,0
"Llavallol, Buenos Aires Province, Argentina",1,0
"Lleida, Catalonia, Spain",1,1
"Lockhart, Florida, United States",1,1
"Locust Grove, Oklahoma, United States",1,1
"Lodi, Ohio, United States",1,0
"Lomas de Zamora, Buenos Aires Province, Argentina",1,0
"Lonavala, Maharashtra, India",1,0
"Loncoche, Araucania, Chile",1,0
"Londrina, State of Parana, Brazil",1,0
"Long Beach, New York, United States",1,0
"Long Hai, Ba Ria - Vung Tau, Vietnam",1,0
"Longboat Key, Florida, United States",1,1
"Longchamps, Buenos Aires Province, Argentina",1,1
"Longmeadow, Massachusetts, United States",1,1
"Longueuil, Quebec, Canada",1,1
"Loomis, California, United States",1,1
"Lorena, State of Sao Paulo, Brazil",1,0
"Lorenskog Municipality, Akershus, Norway",1,1
"Loreto, Baja California Sur, Mexico",1,1
"Loreto, Zacatecas, Mexico",1,0
"Lorton, Virginia, United States",1,1
"Los Andes, Valparaiso, Chile",1,0
"Los Angeles, Bio Bio, Chile",1,0
"Los Lunas, New Mexico, United States",1,1
"Los Puertos de Altagracia, Zulia, Venezuela",1,1
"Los Ranchos de Albuquerque, New Mexico, United States",1,0
"Los Realejos, Canary Islands, Spain",1,1
"Los Reyes Acozac, State of Mexico, Mexico",1,1
"Loughborough, England, United Kingdom",1,1
"Louisa, Virginia, United States",1,0
"Louisville, Colorado, United States",1,1
"Lourdes, Occitanie, France",1,1
"Lovejoy, Georgia, United States",1,1
"Lowell, Indiana, United States",1,1
"Loyola, California, United States",1,1
"Lubao, Central Luzon, Philippines",1,0
"Lubumbashi, Haut-Katanga, Congo - Kinshasa",1,0
"Lucerne, Lucerne, Switzerland",1,1
"Ludwigsburg, Baden-Wurttemberg, Germany",1,0
"Ludwigshafen, Rhineland-Palatinate, Germany",1,1
"Luis Guillon, Buenos Aires Province, Argentina",1,0
"Lujan, Buenos Aires Province, Argentina",1,0
"Lujan de Cuyo, Mendoza Province, Argentina",1,1
"Lumpkin, Georgia, United States",1,1
"Lund, Skane County, Sweden",1,1
"Luneburg, Lower Saxony, Germany",1,0
"Lupon, Davao Region, Philippines",1,0
"Lusby, Maryland, United States",1,1
"Lusignan, Demerara-Mahaica, Guyana",1,0
"Lutry, Vaud, Switzerland",1,1
"Luxembourg, Luxembourg, Luxembourg",1,1
"Luxeuil-les-Bains, Bourgogne-Franche-Comte, France",1,0
"Luziania, State of Goias, Brazil",1,0
"Lynchburg, Virginia, United States",1,1
"Lyndhurst, New Jersey, United States",1,1
"Lynnfield, Massachusetts, United States",1,1
"Lyon, Auvergne-Rhone-Alpes, France",1,1
"Lyss, Canton of Bern, Switzerland",1,1
"M'Tsangamouji, Tsingoni, Mayotte",1,0
"Mableton, Georgia, United States",1,1
"Macapa, State of Amapa, Brazil",1,1
"Macclenny, Florida, United States",1,1
"Macerata, Marche, Italy",1,0
"Machado, State of Minas Gerais, Brazil",1,0
"Machala, El Oro, Ecuador",1,1
"Machias, Maine, United States",1,1
"Machilipatnam, Andhra Pradesh, India",1,1
"Macomb, Michigan, United States",1,1
"Macon, Bourgogne-Franche-Comte, France",1,0
"Madera Ranchos, California, United States",1,1
"Madison, Florida, United States",1,1
"Madison, Georgia, United States",1,1
"Madison, Kansas, United States",1,1
"Madisonville, Louisiana, United States",1,1
"Mafra, State of Santa Catarina, Brazil",1,1
"Mage, State of Rio de Janeiro, Brazil",1,1
"Magnitogorsk, Chelyabinsk Oblast, Russia",1,1
"Magog, Quebec, Canada",1,0
"Maheshtala, West Bengal, India",1,1
"Mahwah, New Jersey, United States",1,1
"Mai Khao, Phuket, Thailand",1,1
"Maitland, Florida, United States",1,0
"Makakilo, Hawaii, United States",1,1
"Malacca, Malacca, Malaysia",1,1
"Malaga, Santander, Colombia",1,0
"Malambo, Atlantico, Colombia",1,1
"Male, Male, Maldives",1,1
"Malesi e Madhe, Shkoder County, Albania",1,0
"Malone, New York, United States",1,1
"Malung, Dalarna County, Sweden",1,0
"Malvar, Calabarzon, Philippines",1,0
"Mamaroneck, New York, United States",1,0
"Manalapan Township, New Jersey, United States",1,1
"Mancelona, Michigan, United States",1,1
"Manchar, Maharashtra, India",1,1
"Manchester, Tennessee, United States",1,1
"Mandi, Himachal Pradesh, India",1,0
"Mangaluru, Karnataka, India",1,1
"Manhasset, New York, United States",1,1
"Manisa, Manisa, Türkiye",1,0
"Manizales, Caldas, Colombia",1,0
"Mankato, Minnesota, United States",1,1
"Manlius, New York, United States",1,1
"Mannford, Oklahoma, United States",1,0
"Mannheim, Baden-Wurttemberg, Germany",1,1
"Manor, Texas, United States",1,1
"Manson, Washington, United States",1,1
"Mantorville, Minnesota, United States",1,1
"Mantua, Virginia, United States",1,1
"Manuel Alberti, Buenos Aires Province, Argentina",1,0
"Many, Louisiana, United States",1,1
"Maple, Wisconsin, United States",1,1
"Maple Glen, Pennsylvania, United States",1,1
"Maple Heights, Ohio, United States",1,1
"Maple Valley, Washington, United States",1,1
"Maracanau, Ceara, Brazil",1,0
"Marataizes, State of Espirito Santo, Brazil",1,0
"Marathon, Florida, United States",1,1
"Marechal Candido Rondon, State of Parana, Brazil",1,1
"Marhanets', Dnipropetrovsk Oblast, Ukraine",1,0
"Maria Aurora, Central Luzon, Philippines",1,0
"Marianna, Arkansas, United States",1,1
"Mariano Roque Alonso, Central Department, Paraguay",1,0
"Marica, State of Rio de Janeiro, Brazil",1,1
"Marietta, Oklahoma, United States",1,1
"Marilia, State of Sao Paulo, Brazil",1,1
"Marinilla, Antioquia, Colombia",1,1
"Marion, Arkansas, United States",1,0
"Marion, Iowa, United States",1,1
"Marks, Mississippi, United States",1,1
"Marlboro Township, New Jersey, United States",1,1
"Marlborough, Massachusetts, United States",1,1
"Marne, Michigan, United States",1,1
"Marquette, Michigan, United States",1,1
"Marshall, Minnesota, United States",1,1
"Marshall, North Carolina, United States",1,1
"Marshfield, Missouri, United States",1,1
"Marshfield, Wisconsin, United States",1,0
"Marsta, Stockholm County, Sweden",1,1
"Martins Ferry, Ohio, United States",1,1
"Martinsville, Virginia, United States",1,0
"Maryland Heights, Missouri, United States",1,1
"Marysville, California, United States",1,1
"Masai, Johor, Malaysia",1,0
"Masbate City, Bicol, Philippines",1,1
"Massena, Iowa, United States",1,1
"Matalascanas, Andalusia, Spain",1,1
"Matar, Gujarat, India",1,1
"Mathis, Texas, United States",1,0
"Mattapoisett, Massachusetts, United States",1,1
"Mattawa, Ontario, Canada",1,1
"Mauldin, South Carolina, United States",1,0
"Mauston, Wisconsin, United States",1,1
"Mawna, Dhaka Division, Bangladesh",1,1
"Maxwell, California, United States",1,1
"Maynard, Massachusetts, United States",1,1
"Maywood, New Jersey, United States",1,1
"McCalla, Alabama, United States",1,0
"McDonough, Georgia, United States",1,1
"McFarland, California, United States",1,0
"McHenry, Illinois, United States",1,1
"McKenzie, Tennessee, United States",1,1
"McLean, Virginia, United States",1,1
"McMurray, Pennsylvania, United States",1,1
"McPherson, Kansas, United States",1,0
"Meade, Kansas, United States",1,1
"Meadow Lake, New Mexico, United States",1,0
"Meadow Vista, California, United States",1,1
"Meadow Woods, Florida, United States",1,1
"Meadville, Pennsylvania, United States",1,0
"Mechanicsville, Virginia, United States",1,0
"Medford, New York, United States",1,1
"Medford, Wisconsin, United States",1,1
"Mediapolis, Iowa, United States",1,1
"Medicine Hat, Alberta, Canada",1,0
"Meeker, Colorado, United States",1,0
"Meguro City, Tokyo, Japan",1,1
"Mehsana, Gujarat, India",1,1
"Meitar, South District, Israel",1,0
"Melissa, Texas, United States",1,1
"Melle, Lower Saxony, Germany",1,1
"Melvindale, Michigan, United States",1,1
"Mendez, Calabarzon, Philippines",1,1
"Mendon, Massachusetts, United States",1,1
"Mendon, New York, United States",1,1
"Mendota Heights, Minnesota, United States",1,1
"Menouf, Menofia Governorate, Egypt",1,0
"Mequon, Wisconsin, United States",1,1
"Merauke, Merauke, Indonesia",1,1
"Mercer Island, Washington, United States",1,1
"Meridian, Mississippi, United States",1,0
"Merignac, Nouvelle-Aquitaine, France",1,0
"Merion Station, Pennsylvania, United States",1,1
"Merrill, Wisconsin, United States",1,0
"Merzifon, Amasya, Türkiye",1,1
"Methuen, Massachusetts, United States",1,1
"Metro, Lampung, Indonesia",1,0
"Metropolitan Borough of Kirklees, England, United Kingdom",1,0
"Meyerton, Gauteng, South Africa",1,0
"Meylan, Auvergne-Rhone-Alpes, France",1,1
"Mezcales, Nayarit, Mexico",1,0
"Mgarr, (not set), Malta",1,1
"Mianwali, Punjab, Pakistan",1,0
"Michigan Center, Michigan, United States",1,1
"Michigan City, Indiana, United States",1,1
"Middlebury, Indiana, United States",1,1
"Middleton, Massachusetts, United States",1,0
"Middleton, Wisconsin, United States",1,1
"Middletown, Kentucky, United States",1,1
"Middletown, Pennsylvania, United States",1,1
"Midland, Washington, United States",1,1
"Midway, Utah, United States",1,1
"Midwest City, Oklahoma, United States",1,1
"Mill Valley, California, United States",1,1
"Millas, Occitanie, France",1,1
"Millburn, New Jersey, United States",1,1
"Millersburg, Ohio, United States",1,0
"Millersville, Pennsylvania, United States",1,1
"Milton, Vermont, United States",1,1
"Minden, Louisiana, United States",1,0
"Mineola, New York, United States",1,1
"Minerva, Ohio, United States",1,1
"Minford, Ohio, United States",1,0
"Mingora, Khyber Pakhtunkhwa, Pakistan",1,0
"Minnedosa, Manitoba, Canada",1,1
"Minnetonka, Minnesota, United States",1,1
"Minnetrista, Minnesota, United States",1,1
"Minooka, Illinois, United States",1,1
"Miramar, Tamaulipas, Mexico",1,0
"Misrata, Misrata District, Libya",1,1
"Mission Bend, Texas, United States",1,1
"Mitchell, Indiana, United States",1,0
"Mitchellville, Maryland, United States",1,1
"Mjolby, Ostergotland County, Sweden",1,1
"Mocksville, North Carolina, United States",1,1
"Moga, Punjab, India",1,1
"Mogadishu, Banadir, Somalia",1,0
"Mogi das Cruzes, State of Sao Paulo, Brazil",1,0
"Mogilev, Mogilev Region, Belarus",1,1
"Moline, Illinois, United States",1,1
"Monaca, Pennsylvania, United States",1,1
"Monclova, Coahuila, Mexico",1,0
"Monroe, Louisiana, United States",1,1
"Monroe, New Jersey, United States",1,1
"Monroe, North Carolina, United States",1,1
"Monroe, Utah, United States",1,0
"Mont-Joli, Quebec, Canada",1,1
"Mont-Tremblant, Quebec, Canada",1,0
"Mont-de-Marsan, Nouvelle-Aquitaine, France",1,1
"Montague, Massachusetts, United States",1,1
"Montague, New Jersey, United States",1,1
"Monte Carmelo, State of Minas Gerais, Brazil",1,0
"Monte Mor, State of Sao Paulo, Brazil",1,0
"Montebello, New York, United States",1,1
"Montecchio Maggiore, Veneto, Italy",1,1
"Montenegro, State of Rio Grande do Sul, Brazil",1,1
"Montes Claros, State of Minas Gerais, Brazil",1,0
"Montfoort, Utrecht, Netherlands",1,1
"Montgomery, New Jersey, United States",1,1
"Monticello, Illinois, United States",1,1
"Monticello, Indiana, United States",1,0
"Monticello, Kentucky, United States",1,0
"Monticello, Mississippi, United States",1,1
"Montpelier, Ohio, United States",1,1
"Monument, Colorado, United States",1,1
"Moorestown, New Jersey, United States",1,1
"Moose Jaw, Saskatchewan, Canada",1,1
"Moose Wilson Road, Wyoming, United States",1,1
"Moquegua, Moquegua, Peru",1,1
"Morada Nova, Ceara, Brazil",1,0
"Moraga, California, United States",1,1
"Morehead, Kentucky, United States",1,0
"Moreno, State of Pernambuco, Brazil",1,0
"Morgan City, Louisiana, United States",1,0
"Morgantown, Kentucky, United States",1,1
"Morpeth, England, United Kingdom",1,1
"Morrinsville, Waikato Region, New Zealand",1,1
"Morris, Illinois, United States",1,1
"Morris Township, New Jersey, United States",1,1
"Morrisville, North Carolina, United States",1,1
"Morton Grove, Illinois, United States",1,1
"Mosinee, Wisconsin, United States",1,0
"Mossoro, State of Rio Grande do Norte, Brazil",1,1
"Mostaganem, Mostaganem Province, Algeria",1,1
"Mounds View, Minnesota, United States",1,1
"Mount Arlington, New Jersey, United States",1,1
"Mount Ida, Arkansas, United States",1,0
"Mount Laurel Township, New Jersey, United States",1,1
"Mount Repose, Ohio, United States",1,1
"Mount Vernon, Kentucky, United States",1,1
"Mount Vista, Washington, United States",1,1
"Mountain House, California, United States",1,1
"Mountain View, Arkansas, United States",1,1
"Mountain View, Wyoming, United States",1,0
"Mountain View Acres, California, United States",1,0
"Mountlake Terrace, Washington, United States",1,1
"Mouries, Provence-Alpes-Cote d'Azur, France",1,0
"Mt. Juliet, Tennessee, United States",1,1
"Mtwapa, Kilifi County, Kenya",1,0
"Mueang Nga, Lamphun, Thailand",1,0
"Mueang Samut Sakhon District, Samut Sakhon, Thailand",1,1
"Muhlhausen, Thuringia, Germany",1,1
"Mulberry, Florida, United States",1,1
"Mulhouse, Grand Est, France",1,1
"Munak, Punjab, India",1,1
"Muncie, Indiana, United States",1,0
"Munfordville, Kentucky, United States",1,1
"Munhall, Pennsylvania, United States",1,1
"Municipality of Ohrid, (not set), North Macedonia",1,0
"Munoz, Central Luzon, Philippines",1,0
"Muridke, Punjab, Pakistan",1,1
"Murrells Inlet, South Carolina, United States",1,1
"Muscle Shoals, Alabama, United States",1,1
"Muskogee, Oklahoma, United States",1,0
"My Tho, Dong Thap, Vietnam",1,0
"Myers Corner, New York, United States",1,1
"Mykolaiv, Lviv Oblast, Ukraine",1,1
"Mykolaiv, Mykolaiv Oblast, Ukraine",1,0
"Myrhorod, Poltava Oblast, Ukraine",1,0
"Myrtle Grove, Florida, United States",1,1
"Naestved, Region Zealand, Denmark",1,1
"Nagercoil, Tamil Nadu, India",1,0
"Naha, Okinawa, Japan",1,1
"Nahunta, Georgia, United States",1,1
"Naic, Calabarzon, Philippines",1,0
"Nakhon Ratchasima, Nakhon Ratchasima, Thailand",1,1
"Nanterre, Ile-de-France, France",1,1
"Nao-Me-Toque, State of Rio Grande do Sul, Brazil",1,1
"Napier, Hawke's Bay Region, New Zealand",1,1
"Napili-Honokowai, Hawaii, United States",1,1
"Naples, Florida, United States",1,1
"Naranjito, Guayas, Ecuador",1,0
"Narbonne, Occitanie, France",1,0
"Nashik, Maharashtra, India",1,1
"Nassau Village-Ratliff, Florida, United States",1,0
"Naucalpan de Juarez, State of Mexico, Mexico",1,1
"Nauen, Brandenburg, Germany",1,1
"Navapolatsk, Vitebsk Region, Belarus",1,1
"Navoi, (not set), Uzbekistan",1,1
"Navojoa, Sonora, Mexico",1,1
"Nazareth, North District, Israel",1,0
"Nazareth, Pennsylvania, United States",1,1
"Neenah, Wisconsin, United States",1,1
"Neillsville, Wisconsin, United States",1,0
"Nelson, British Columbia, Canada",1,1
"Nelsonville, Ohio, United States",1,1
"Nemby, Central Department, Paraguay",1,0
"Ness Ziona, Center District, Israel",1,0
"Neuquen, Neuquen Province, Argentina",1,1
"Nevada City, California, United States",1,1
"Nevers, Bourgogne-Franche-Comte, France",1,0
"Nevinnomyssk, Stavropol Krai, Russia",1,0
"New Albany, Mississippi, United States",1,1
"New Britain, Connecticut, United States",1,1
"New Cassel, New York, United States",1,1
"New Castle, Pennsylvania, United States",1,1
"New Hope, Minnesota, United States",1,1
"New Lexington, Ohio, United States",1,0
"New Madrid, Missouri, United States",1,1
"New Milford, New Jersey, United States",1,1
"New Philadelphia, Ohio, United States",1,0
"Newberg, Oregon, United States",1,1
"Newberry, South Carolina, United States",1,1
"Newbury, Massachusetts, United States",1,1
"Newcastle, KwaZulu-Natal, South Africa",1,0
"Newcastle, New South Wales, Australia",1,1
"Newcastle, Oklahoma, United States",1,1
"Newlands West, KwaZulu-Natal, South Africa",1,1
"Newport, New Hampshire, United States",1,1
"Newport, Rhode Island, United States",1,1
"Newport, South Carolina, United States",1,1
"Newton, Massachusetts, United States",1,1
"Newton, Mississippi, United States",1,1
"Newton, New Jersey, United States",1,1
"Newton Abbot, England, United Kingdom",1,1
"Niagara Falls, New York, United States",1,1
"Niederwald, Texas, United States",1,1
"Niihama, Ehime, Japan",1,1
"Nijmegen, Gelderland, Netherlands",1,1
"Nilai, Negeri Sembilan, Malaysia",1,1
"Nilopolis, State of Rio de Janeiro, Brazil",1,0
"Nimrana, Rajasthan, India",1,0
"Ningbo, Zhejiang, China",1,1
"Ninh Hoa, Khanh Hoa, Vietnam",1,0
"Nirmal, Telangana, India",1,0
"Nixa, Missouri, United States",1,1
"Noapara, Khulna Division, Bangladesh",1,0
"Nocatee, Florida, United States",1,1
"Noda, Chiba, Japan",1,1
"Nogales, Arizona, United States",1,1
"Norcross, Georgia, United States",1,0
"Norden, Lower Saxony, Germany",1,1
"Norderstedt, Schleswig-Holstein, Germany",1,1
"Normal, Illinois, United States",1,0
"Norristown, Pennsylvania, United States",1,1
"North Attleborough, Massachusetts, United States",1,1
"North Chicago, Illinois, United States",1,1
"North Decatur, Georgia, United States",1,1
"North District, Taichung City, Taiwan",1,1
"North Druid Hills, Georgia, United States",1,1
"North Kensington, Maryland, United States",1,1
"North Kingstown, Rhode Island, United States",1,1
"North Lauderdale, Florida, United States",1,1
"North Liberty, Iowa, United States",1,1
"North Little Rock, Arkansas, United States",1,1
"North Manchester, Indiana, United States",1,0
"North Mankato, Minnesota, United States",1,0
"North Potomac, Maryland, United States",1,1
"North Royalton, Ohio, United States",1,1
"North Valley, New Mexico, United States",1,1
"North Vernon, Indiana, United States",1,0
"North Wilkesboro, North Carolina, United States",1,1
"Northampton, Massachusetts, United States",1,1
"Northborough, Massachusetts, United States",1,1
"Northeim, Lower Saxony, Germany",1,1
"Northview, Michigan, United States",1,1
"Northville, Michigan, United States",1,1
"Northwest Harborcreek, Pennsylvania, United States",1,1
"Norton Shores, Michigan, United States",1,1
"Norwalk, Iowa, United States",1,1
"Norwalk, Ohio, United States",1,1
"Norwood, Ohio, United States",1,1
"Notre Dame, Indiana, United States",1,1
"Notre-Dame-de-l'Ile-Perrot, Quebec, Canada",1,0
"Nottingham, England, United Kingdom",1,1
"Nova Era, State of Minas Gerais, Brazil",1,0
"Nova Hartz, State of Rio Grande do Sul, Brazil",1,0
"Nova Iguacu, State of Rio de Janeiro, Brazil",1,0
"Nova Lima, State of Minas Gerais, Brazil",1,0
"Nova Venecia, State of Espirito Santo, Brazil",1,0
"Novomoskovsk, Tula Oblast, Russia",1,1
"Novorossiysk, Krasnodar Krai, Russia",1,0
"Novosibirsk, Novosibirsk Oblast, Russia",1,1
"Novy Urengoy, Yamalo-Nenets Autonomous Okrug, Russia",1,1
"Nozha 2, Cairo Governorate, Egypt",1,1
"Nuevo Laredo, Tamaulipas, Mexico",1,0
"Numancia, Western Visayas, Philippines",1,0
"Nurpur, Himachal Pradesh, India",1,1
"Nutley, New Jersey, United States",1,1
"Nyssa, Oregon, United States",1,1
"Oak Forest, Illinois, United States",1,1
"Oak Grove, Kentucky, United States",1,0
"Oak Harbor, Ohio, United States",1,0
"Oak Ridge, Tennessee, United States",1,1
"Oak View, California, United States",1,1
"Oakley, California, United States",1,1
"Oberspreewald-Lausitz, Brandenburg, Germany",1,0
"Ocana, North Santander, Colombia",1,0
"Ocean City, Maryland, United States",1,1
"Ocean Township, New Jersey, United States",1,1
"Ocean View, Delaware, United States",1,1
"Oceanside, New York, United States",1,1
"Oconomowoc, Wisconsin, United States",1,0
"Oconto Falls, Wisconsin, United States",1,0
"October Gardens, Giza Governorate, Egypt",1,0
"Odintsovo, Moscow Oblast, Russia",1,0
"Odorheiu Secuiesc, Harghita County, Romania",1,1
"Ogbomoso, Oyo, Nigeria",1,1
"Ojo de Agua, State of Mexico, Mexico",1,0
"Old Forge, New York, United States",1,0
"Old Forge, Pennsylvania, United States",1,1
"Old Lyme, Connecticut, United States",1,1
"Old Saybrook, Connecticut, United States",1,1
"Oldham, England, United Kingdom",1,1
"Olive Branch, Mississippi, United States",1,1
"Olivehurst, California, United States",1,1
"Olivos, Buenos Aires Province, Argentina",1,1
"Olney, Illinois, United States",1,1
"Olney, Texas, United States",1,0
"Olsztyn, Warmian-Masurian Voivodeship, Poland",1,1
"Ontario, New York, United States",1,1
"Oradea, Bihor County, Romania",1,1
"Orchard Lake Village, Michigan, United States",1,1
"Orchard Park, New York, United States",1,1
"Orchards, Washington, United States",1,1
"Ord, Nebraska, United States",1,0
"Ordu, Ordu, Türkiye",1,0
"Orizaba, Veracruz, Mexico",1,0
"Orlinda, Tennessee, United States",1,1
"Orsk, Orenburg Oblast, Russia",1,0
"Oryol, Oryol Oblast, Russia",1,0
"Osceola, Indiana, United States",1,1
"Osceola, Iowa, United States",1,1
"Osmaniye, Osmaniye, Türkiye",1,1
"Osoyoos, British Columbia, Canada",1,0
"Oss, North Brabant, Netherlands",1,1
"Ostersund, Jamtland County, Sweden",1,1
"Ostfildern, Baden-Wurttemberg, Germany",1,1
"Ota City, Tokyo, Japan",1,1
"Otsego, Minnesota, United States",1,1
"Ouargla, Ouargla Province, Algeria",1,0
"Ouarzazate, Draa-Tafilalet, Morocco",1,1
"Oued El Aneb, Annaba Province, Algeria",1,1
"Oupeye, Wallonia, Belgium",1,1
"Ouray, Colorado, United States",1,0
"Overijse, Flanders, Belgium",1,1
"Oviedo, Florida, United States",1,1
"Owatonna, Minnesota, United States",1,1
"Owings Mills, Maryland, United States",1,1
"Oxford, Michigan, United States",1,1
"Oxon Hill, Maryland, United States",1,1
"Ozark, Arkansas, United States",1,1
"Ozd, Borsod-Abauj-Zemplen, Hungary",1,0
"Pabna, Rajshahi Division, Bangladesh",1,1
"Pacajus, Ceara, Brazil",1,1
"Pacific, Washington, United States",1,0
"Pacitan, East Java, Indonesia",1,0
"Padang, West Sumatra, Indonesia",1,0
"Pagar Alam, South Sumatra, Indonesia",1,1
"Paicandu, State of Parana, Brazil",1,0
"Pailitas, Cesar, Colombia",1,0
"Paipa, Boyaca, Colombia",1,0
"Pala, California, United States",1,1
"Palermo, Sicily, Italy",1,1
"Palm Beach Gardens, Florida, United States",1,1
"Palmar de Varela, Atlantico, Colombia",1,0
"Palmerton, Pennsylvania, United States",1,1
"Palo Cedro, California, United States",1,1
"Panabo, Davao Region, Philippines",1,0
"Pandharpur, Maharashtra, India",1,0
"Pandi, Central Luzon, Philippines",1,0
"Panguitch, Utah, United States",1,1
"Panorama, Decentralized Administration of Macedonia and Thrace, Greece",1,1
"Pantin, Ile-de-France, France",1,1
"Papillion, Nebraska, United States",1,1
"Para de Minas, State of Minas Gerais, Brazil",1,0
"Paragould, Arkansas, United States",1,1
"Paraguacu Paulista, State of Sao Paulo, Brazil",1,0
"Parana, Entre Rios Province, Argentina",1,0
"Paranggupito, Central Java, Indonesia",1,1
"Paris, Illinois, United States",1,1
"Paris, Kentucky, United States",1,1
"Park City, Kansas, United States",1,0
"Park Hills, Missouri, United States",1,1
"Park Ridge, Illinois, United States",1,1
"Parkes, New South Wales, Australia",1,0
"Parkesburg, Pennsylvania, United States",1,1
"Parkland, Florida, United States",1,0
"Parlier, California, United States",1,1
"Parma, Ohio, United States",1,1
"Parnamirim, State of Rio Grande do Norte, Brazil",1,0
"Parque del Plata, Canelones Department, Uruguay",1,1
"Parry Sound, Ontario, Canada",1,0
"Parsippany-Troy Hills, New Jersey, United States",1,1
"Passina Kalan, Haryana, India",1,0
"Passo Fundo, State of Rio Grande do Sul, Brazil",1,1
"Passos, State of Minas Gerais, Brazil",1,0
"Pasuruan, East Java, Indonesia",1,0
"Pataskala, Ohio, United States",1,1
"Patiala, Punjab, India",1,0
"Patos, State of Paraiba, Brazil",1,0
"Pattaya City, Chon Buri, Thailand",1,1
"Pattoki, Punjab, Pakistan",1,0
"Patzcuaro, Michoacan, Mexico",1,1
"Pau, Nouvelle-Aquitaine, France",1,0
"Paulista, State of Pernambuco, Brazil",1,1
"Paysandu, Paysandu Department, Uruguay",1,0
"Peachtree City, Georgia, United States",1,1
"Pearisburg, Virginia, United States",1,0
"Pearl River, New York, United States",1,1
"Pecangaan, Central Java, Indonesia",1,1
"Peckleton, England, United Kingdom",1,1
"Pederneiras, State of Sao Paulo, Brazil",1,1
"Pedro Leopoldo, State of Minas Gerais, Brazil",1,0
"Pehuajo, Buenos Aires Province, Argentina",1,1
"Pekin, Illinois, United States",1,1
"Pemalang, Central Java, Indonesia",1,1
"Pembroke, Massachusetts, United States",1,1
"Pembroke, Ontario, Canada",1,1
"Penngrove, California, United States",1,0
"Penryn, California, United States",1,1
"Penticton, British Columbia, Canada",1,1
"Penza, Penza Oblast, Russia",1,0
"Perai, Penang, Malaysia",1,1
"Perigueux, Nouvelle-Aquitaine, France",1,0
"Perkasie, Pennsylvania, United States",1,1
"Perm, Perm Krai, Russia",1,0
"Perry, Iowa, United States",1,1
"Perryville, Missouri, United States",1,0
"Perth, Ontario, Canada",1,1
"Peruibe, State of Sao Paulo, Brazil",1,0
"Peterborough, England, United Kingdom",1,1
"Peterborough, Ontario, Canada",1,1
"Petrolia, Ontario, Canada",1,1
"Petropavl, North Kazakhstan Region, Kazakhstan",1,0
"Pewsey, England, United Kingdom",1,1
"Phenix City, Alabama, United States",1,1
"Phoenixville, Pennsylvania, United States",1,1
"Phulera, Rajasthan, India",1,1
"Phuoc Hai, Ba Ria - Vung Tau, Vietnam",1,0
"Picayune, Mississippi, United States",1,0
"Pikeville, Kentucky, United States",1,1
"Pili, Bicol, Philippines",1,1
"Pimpri-Chinchwad, Maharashtra, India",1,1
"Pine Mountain Club, California, United States",1,1
"Pine Ridge, South Carolina, United States",1,1
"Pinecrest, Florida, United States",1,1
"Piney Green, North Carolina, United States",1,1
"Pingree Grove, Illinois, United States",1,1
"Pinhais, State of Parana, Brazil",1,1
"Pirapora, State of Minas Gerais, Brazil",1,0
"Pisco, Ica, Peru",1,0
"Pismo Beach, California, United States",1,1
"Pitalito, Huila, Colombia",1,0
"Pitanga, State of Parana, Brazil",1,0
"Pitesti, Arges, Romania",1,1
"Pittman Center, Tennessee, United States",1,1
"Pittsboro, North Carolina, United States",1,1
"Pittsfield, New Hampshire, United States",1,1
"Pittston, Pennsylvania, United States",1,1
"Placitas, New Mexico, United States",1,1
"Plainfield, Illinois, United States",1,1
"Plainsboro Township, New Jersey, United States",1,0
"Planaltina, State of Goias, Brazil",1,0
"Plaridel, Northern Mindanao, Philippines",1,0
"Playa Blanca, Canary Islands, Spain",1,1
"Pleasant Gap, Pennsylvania, United States",1,1
"Pleasant Prairie, Wisconsin, United States",1,1
"Pleasant View, Utah, United States",1,1
"Pleasantville, New York, United States",1,1
"Plovdiv, Plovdiv Province, Bulgaria",1,1
"Plumas Lake, California, United States",1,1
"Plymouth, New Hampshire, United States",1,1
"Plymouth, Wisconsin, United States",1,0
"Plymouth Meeting, Pennsylvania, United States",1,1
"Point Arena, California, United States",1,0
"Point Pleasant, New Jersey, United States",1,1
"Poitiers, Nouvelle-Aquitaine, France",1,1
"Poltava, Poltava Oblast, Ukraine",1,0
"Pombal, State of Paraiba, Brazil",1,1
"Ponca City, Oklahoma, United States",1,1
"Ponorogo, East Java, Indonesia",1,1
"Pontault-Combault, Ile-de-France, France",1,1
"Ponte Nova, State of Minas Gerais, Brazil",1,0
"Porlamar, Nueva Esparta, Venezuela",1,0
"Port Arthur, Texas, United States",1,1
"Port Chester, New York, United States",1,1
"Port Clinton, Ohio, United States",1,0
"Port Gibson, Mississippi, United States",1,1
"Port Hadlock-Irondale, Washington, United States",1,1
"Port Jefferson, New York, United States",1,1
"Port Klang, Selangor, Malaysia",1,1
"Port Moody, British Columbia, Canada",1,0
"Port Neches, Texas, United States",1,1
"Port Perry, Ontario, Canada",1,1
"Port Royal, South Carolina, United States",1,0
"Port St. Lucie, Florida, United States",1,0
"Port Townsend, Washington, United States",1,1
"Port-au-Prince, Ouest Department, Haiti",1,0
"Portage, Indiana, United States",1,1
"Portage, Michigan, United States",1,1
"Porto, Porto District, Portugal",1,1
"Porto Salvo, Lisbon, Portugal",1,1
"Porto Seguro, State of Bahia, Brazil",1,0
"Portsmouth, England, United Kingdom",1,0
"Portsmouth, New Hampshire, United States",1,1
"Portsmouth, Ohio, United States",1,1
"Posadas, Misiones Province, Argentina",1,0
"Potosi, Missouri, United States",1,0
"Potosi, Potosi Department, Bolivia",1,1
"Potsdam, New York, United States",1,1
"Pottsboro, Texas, United States",1,1
"Pouso Alegre, State of Minas Gerais, Brazil",1,0
"Powder Springs, Georgia, United States",1,1
"Powell, Ohio, United States",1,1
"Praia Grande, State of Sao Paulo, Brazil",1,0
"Prairie Village, Kansas, United States",1,1
"Prairieville, Louisiana, United States",1,1
"Prattville, Alabama, United States",1,1
"Prescott, Wisconsin, United States",1,1
"Presidente Venceslau, State of Sao Paulo, Brazil",1,0
"Prien, Louisiana, United States",1,1
"Prince George, British Columbia, Canada",1,1
"Prince Rupert, British Columbia, Canada",1,0
"Princeton, West Virginia, United States",1,0
"Princeville, Hawaii, United States",1,1
"Prior Lake, Minnesota, United States",1,1
"Pritzwalk, Brandenburg, Germany",1,0
"Probolinggo, East Java, Indonesia",1,0
"Progreso, Morelos, Mexico",1,0
"Prospect, Connecticut, United States",1,1
"Prospect Heights, Illinois, United States",1,1
"Provost, Alberta, Canada",1,0
"Pruszkow, Masovian Voivodeship, Poland",1,1
"Pucioasa, Dambovita, Romania",1,0
"Puerto Cabello, Carabobo, Venezuela",1,0
"Puerto Cumarebo, Falcon, Venezuela",1,1
"Puerto Montt, Los Lagos, Chile",1,0
"Pukehina, Bay of Plenty Region, New Zealand",1,1
"Pula, Istria County, Croatia",1,1
"Punta Alta, Buenos Aires Province, Argentina",1,0
"Punta Gorda, Florida, United States",1,1
"Punta del Diablo, Rocha Department, Uruguay",1,0
"Punto Fijo, Falcon, Venezuela",1,0
"Pupukea, Hawaii, United States",1,1
"Purvis, Mississippi, United States",1,1
"Purwokerto, Central Java, Indonesia",1,0
"Pusztaszabolcs, Fejer, Hungary",1,0
"Qinhuangdao, Hebei, China",1,0
"Quanah, Texas, United States",1,0
"Quatro Barras, State of Parana, Brazil",1,1
"Queensburgh, KwaZulu-Natal, South Africa",1,0
"Quilmes Oeste, Buenos Aires Province, Argentina",1,0
"Quincy, Illinois, United States",1,0
"Quitman, Texas, United States",1,1
"Quixada, Ceara, Brazil",1,1
"Quy Nhon, Binh Dinh, Vietnam",1,1
"Radcliff, Kentucky, United States",1,1
"Radom, Masovian Voivodeship, Poland",1,1
"Rafael Castillo, Buenos Aires Province, Argentina",1,0
"Rafaela, Santa Fe Province, Argentina",1,1
"Rainbow, California, United States",1,1
"Rainsville, Alabama, United States",1,0
"Rainworth, England, United Kingdom",1,1
"Rajampet, Andhra Pradesh, India",1,0
"Ramganj, Chittagong Division, Bangladesh",1,1
"Ramos Arizpe, Coahuila, Mexico",1,0
"Rampur, Uttar Pradesh, India",1,0
"Rancagua, O'Higgins, Chile",1,1
"Rancho Murieta, California, United States",1,1
"Randfontein, Gauteng, South Africa",1,1
"Randolph, New Jersey, United States",1,1
"Rangpur, Rangpur Division, Bangladesh",1,0
"Ranson, West Virginia, United States",1,1
"Rathdrum, Idaho, United States",1,1
"Raton, New Mexico, United States",1,1
"Ravenna, Nebraska, United States",1,1
"Ravenna, Ohio, United States",1,1
"Ravenswood, West Virginia, United States",1,1
"Ray, North Dakota, United States",1,1
"Raynham, Massachusetts, United States",1,1
"Realeza, State of Parana, Brazil",1,1
"Red Deer, Alberta, Canada",1,1
"Red Lion, Pennsylvania, United States",1,1
"Red Oak, Iowa, United States",1,1
"Red Rock, Arizona, United States",1,1
"Red Wing, Minnesota, United States",1,1
"Redcar, England, United Kingdom",1,1
"Redcliff, Alberta, Canada",1,1
"Redhill, England, United Kingdom",1,1
"Rehoboth Beach, Delaware, United States",1,1
"Rehovot, Center District, Israel",1,1
"Reisterstown, Maryland, United States",1,1
"Remedios de Escalada, Buenos Aires Province, Argentina",1,0
"Remer, Minnesota, United States",1,1
"Renala Khurd, Punjab, Pakistan",1,1
"Rengo, O'Higgins, Chile",1,1
"Rensselaer, Indiana, United States",1,0
"Repelon, Atlantico, Colombia",1,0
"Republic, Missouri, United States",1,1
"Reutlingen, Baden-Wurttemberg, Germany",1,1
"Revelstoke, British Columbia, Canada",1,1
"Revere, Massachusetts, United States",1,1
"Rewa, Madhya Pradesh, India",1,1
"Reyes, Beni Department, Bolivia",1,1
"Reykjavik, (not set), Iceland",1,1
"Rhos on Sea, Wales, United Kingdom",1,1
"Ribeirao das Neves, State of Minas Gerais, Brazil",1,0
"Rice, Texas, United States",1,0
"Rich Hill, Missouri, United States",1,1
"Richmond, British Columbia, Canada",1,1
"Richmond, Indiana, United States",1,0
"Richmond, Missouri, United States",1,1
"Richmond, Texas, United States",1,1
"Richton Park, Illinois, United States",1,1
"Ridderkerk, South Holland, Netherlands",1,0
"Ridge, New York, United States",1,1
"Ridgefield, Connecticut, United States",1,1
"Ridgeland, Mississippi, United States",1,1
"Ridgely, Maryland, United States",1,1
"Ridgway, Colorado, United States",1,1
"Riesel, Texas, United States",1,1
"Riffa, Southern Governorate, Bahrain",1,1
"Rifle, Colorado, United States",1,1
"Riga, Riga, Latvia",1,0
"Rigaud, Quebec, Canada",1,1
"Ringgold, Georgia, United States",1,1
"Ringinrejo, East Java, Indonesia",1,1
"Rio Branco, State of Acre, Brazil",1,0
"Rio Claro, State of Sao Paulo, Brazil",1,0
"Rio Gallegos, Santa Cruz Province, Argentina",1,1
"Rio Grande da Serra, State of Sao Paulo, Brazil",1,1
"Rio Verde, Arizona, United States",1,1
"Rio das Ostras, State of Rio de Janeiro, Brazil",1,0
"Rio do Sul, State of Santa Catarina, Brazil",1,1
"Riobamba, Chimborazo, Ecuador",1,1
"Riosucio, Caldas, Colombia",1,0
"Ripley, Mississippi, United States",1,0
"Ripley, Tennessee, United States",1,0
"Ripley, West Virginia, United States",1,1
"Rivera, Rivera Department, Uruguay",1,0
"Riverdale, Utah, United States",1,1
"Riverton, Utah, United States",1,1
"Riverview, Florida, United States",1,1
"Riviera Beach, Florida, United States",1,1
"Roanoke, Alabama, United States",1,0
"Robbinsville Township, New Jersey, United States",1,1
"Robertson, Western Cape, South Africa",1,0
"Roberval, Quebec, Canada",1,1
"Robinson, Texas, United States",1,1
"Rochelle, Illinois, United States",1,1
"Rochester, Indiana, United States",1,1
"Rochester, Michigan, United States",1,1
"Rochester Hills, Michigan, United States",1,1
"Rock Creek, Minnesota, United States",1,1
"Rockdale, Texas, United States",1,1
"Rockfish, North Carolina, United States",1,1
"Rockford, Michigan, United States",1,1
"Rockville, Maryland, United States",1,1
"Rockwood, Michigan, United States",1,1
"Rocky River, Ohio, United States",1,1
"Rogers, Minnesota, United States",1,1
"Rome, Georgia, United States",1,0
"Romeoville, Illinois, United States",1,1
"Roodepoort, Gauteng, South Africa",1,0
"Roosevelt, New York, United States",1,2
"Rosario, Calabarzon, Philippines",1,0
"Rosario de la Frontera, Salta Province, Argentina",1,0
"Rose City, Michigan, United States",1,0
"Rose Lodge, Oregon, United States",1,1
"Roseau, Minnesota, United States",1,1
"Rosedale, Mississippi, United States",1,0
"Roseland, New Jersey, United States",1,1
"Rosemont, California, United States",1,1
"Rosemont, Illinois, United States",1,1
"Rosemount, Minnesota, United States",1,1
"Rosenberg, Texas, United States",1,1
"Rossford, Ohio, United States",1,1
"Rossmoor, California, United States",1,1
"Rossville, Maryland, United States",1,1
"Rotan, Texas, United States",1,1
"Rotonda West, Florida, United States",1,1
"Rowlett, Texas, United States",1,1
"Royal Oak, Michigan, United States",1,1
"Royal Palm Beach, Florida, United States",1,1
"Roznava, Kosice Region, Slovakia",1,1
"Rudrapur, Uttarakhand, India",1,0
"Rufino, Santa Fe Province, Argentina",1,0
"Rungiri, Kiambu County, Kenya",1,0
"Rush, New York, United States",1,1
"Rushden, England, United Kingdom",1,1
"Russellville, Arkansas, United States",1,1
"Ruston, Louisiana, United States",1,0
"Sa Dec, Dong Thap, Vietnam",1,0
"Saar, Northern Governorate, Bahrain",1,0
"Sabetha, Kansas, United States",1,1
"Sabinov, Presov Region, Slovakia",1,1
"Sacaton, Arizona, United States",1,1
"Saddle Brook, New Jersey, United States",1,1
"Sadiang, Phetchabun, Thailand",1,1
"Sagay City, Western Visayas, Philippines",1,0
"Sage, California, United States",1,1
"Saiha, Mizoram, India",1,0
"Saint Augustine Shores, Florida, United States",1,1
"Saint David, Arizona, United States",1,1
"Saint Joseph, Minnesota, United States",1,1
"Saint Joseph, Missouri, United States",1,0
"Saint Michaels, Arizona, United States",1,0
"Saint-Denis, Ile-de-France, France",1,1
"Saint-Eustache, Quebec, Canada",1,1
"Saint-Felicien, Quebec, Canada",1,1
"Saint-Hyacinthe, Quebec, Canada",1,1
"Saint-Malo, Brittany, France",1,1
"Sainte-Adele, Quebec, Canada",1,1
"Sainte-Marie, Saint-Denis, Réunion",1,1
"Sakarya, Sakarya, Türkiye",1,1
"Salamanca, Guanajuato, Mexico",1,1
"Salford, England, United Kingdom",1,1
"Salgueiro, State of Pernambuco, Brazil",1,0
"Salihorsk, Minsk Region, Belarus",1,0
"Salisbury, England, United Kingdom",1,1
"Salisbury, Maryland, United States",1,1
"Sallisaw, Oklahoma, United States",1,1
"Salmon Creek, Washington, United States",1,1
"Salton City, California, United States",1,1
"San Antonio, Central Department, Paraguay",1,0
"San Carlos City, Ilocos Region, Philippines",1,0
"San Carlos Park, Florida, United States",1,1
"San Carlos de Bariloche, Rio Negro Province, Argentina",1,1
"San Diego, Carabobo, Venezuela",1,0
"San Diego, Texas, United States",1,1
"San Felipe, Yaracuy, Venezuela",1,0
"San Francisco de Macoris, Duarte Province, Dominican Republic",1,0
"San Jacinto, Canelones Department, Uruguay",1,1
"San Jose de Buenavista, Western Visayas, Philippines",1,0
"San Juan City, Metro Manila, Philippines",1,0
"San Juan de Los Morros, Guarico, Venezuela",1,0
"San Juan del Rio, Queretaro, Mexico",1,0
"San Luis de la Paz, Guanajuato, Mexico",1,0
"San Martin, Mendoza Province, Argentina",1,0
"San Mateo, Anzoategui, Venezuela",1,1
"San Miguel de Allende, Guanajuato, Mexico",1,1
"San Nicolas de los Garza, Nuevo Leon, Mexico",1,1
"San Pablo, Heredia Province, Costa Rica",1,1
"San Pablo City, Calabarzon, Philippines",1,0
"San Pablo de las Salinas, State of Mexico, Mexico",1,0
"San Pedro, Buenos Aires Province, Argentina",1,1
"San Pedro, Corozal District, Belize",1,1
"San Pedro Sula, Cortes Department, Honduras",1,0
"San Pedro de Macoris, San Pedro de Macoris Province, Dominican Republic",1,0
"San Pedro de la Paz, Bio Bio, Chile",1,0
"San Rafael, Limon Province, Costa Rica",1,0
"San Salvador, San Salvador Department, El Salvador",1,1
"San Vicente, San Jose Province, Costa Rica",1,0
"Sandakan, Sabah, Malaysia",1,0
"Sandnes Municipality, Rogaland, Norway",1,1
"Sandown, New Hampshire, United States",1,1
"Sandston, Virginia, United States",1,1
"Sandy Springs, Georgia, United States",1,1
"Sanger, California, United States",1,1
"Sanger, Texas, United States",1,1
"Sanliurfa, Sanliurfa, Türkiye",1,1
"Santa Barbara, Barinas, Venezuela",1,0
"Santa Barbara, State of Minas Gerais, Brazil",1,1
"Santa Cruz, Central Luzon, Philippines",1,0
"Santa Cruz, State of Rio Grande do Norte, Brazil",1,1
"Santa Cruz Xoxocotlan, Oaxaca, Mexico",1,0
"Santa Isabel, State of Sao Paulo, Brazil",1,0
"Santa Lucia, San Juan Province, Argentina",1,0
"Santa Maria Acuitlapilco, Tlaxcala, Mexico",1,1
"Santa Rita, State of Paraiba, Brazil",1,0
"Santa Rosa, State of Rio Grande do Sul, Brazil",1,1
"Santa Ynez, California, United States",1,1
"Santaquin, Utah, United States",1,1
"Santee, South Carolina, United States",1,1
"Santiago de Compostela, Galicia, Spain",1,0
"Santo Tomas, Davao Region, Philippines",1,0
"Santo Tomas, Ilocos Region, Philippines",1,1
"Sao Fidelis, State of Rio de Janeiro, Brazil",1,1
"Sao Gabriel, State of Rio Grande do Sul, Brazil",1,0
"Sao Goncalo, State of Rio de Janeiro, Brazil",1,0
"Sao Gotardo, State of Minas Gerais, Brazil",1,0
"Sao Joao da Boa Vista, State of Sao Paulo, Brazil",1,1
"Sao Joao de Meriti, State of Rio de Janeiro, Brazil",1,1
"Sao Joao del Rei, State of Minas Gerais, Brazil",1,0
"Sao Jose de Ribamar, State of Maranhao, Brazil",1,0
"Sao Jose dos Campos, State of Sao Paulo, Brazil",1,0
"Sao Jose dos Pinhais, State of Parana, Brazil",1,0
"Sao Leopoldo, State of Rio Grande do Sul, Brazil",1,1
"Sao Manuel, State of Sao Paulo, Brazil",1,1
"Sao Pedro da Aldeia, State of Rio de Janeiro, Brazil",1,0
"Sao Sebastiao, State of Sao Paulo, Brazil",1,0
"Sapiranga, State of Rio Grande do Sul, Brazil",1,0
"Saquarema, State of Rio de Janeiro, Brazil",1,1
"Sarajevo, (not set), Bosnia & Herzegovina",1,1
"Sarandi Del Yi, Durazno Department, Uruguay",1,0
"Sarapul, Udmurt Republic, Russia",1,1
"Sarasota Springs, Florida, United States",1,1
"Saratov, Saratov Oblast, Russia",1,1
"Saravena, Arauca, Colombia",1,1
"Saronno, Lombardy, Italy",1,1
"Sarpsborg Municipality, Ostfold, Norway",1,1
"Sarver, Pennsylvania, United States",1,1
"Sastre, Santa Fe Province, Argentina",1,0
"Satellite Beach, Florida, United States",1,1
"Sault Ste. Marie, Ontario, Canada",1,1
"Savadatti, Karnataka, India",1,0
"Savage, Minnesota, United States",1,1
"Savannah, Tennessee, United States",1,1
"Savigny-sur-Orge, Ile-de-France, France",1,1
"Sayreville, New Jersey, United States",1,1
"Schaan, Schaan, Liechtenstein",1,1
"Schieder-Schwalenberg, North Rhine-Westphalia, Germany",1,0
"Schneverdingen, Lower Saxony, Germany",1,1
"Schoten, Flanders, Belgium",1,1
"Schwabisch Hall, Baden-Wurttemberg, Germany",1,0
"Scottsville, Kentucky, United States",1,1
"Seaside, California, United States",1,1
"Sebastopol, California, United States",1,1
"Sebring, Florida, United States",1,0
"Security-Widefield, Colorado, United States",1,1
"Seixal, Setubal, Portugal",1,1
"Semenyih, Selangor, Malaysia",1,0
"Semmes, Alabama, United States",1,1
"Sendai, Miyagi, Japan",1,1
"Seneca, Kansas, United States",1,1
"Sergiyev Posad, Moscow Oblast, Russia",1,0
"Seri Kembangan, Selangor, Malaysia",1,1
"Seropedica, State of Rio de Janeiro, Brazil",1,0
"Serra Talhada, State of Pernambuco, Brazil",1,1
"Serrekunda, Kanifing, Gambia",1,0
"Settat, Casablanca-Settat, Morocco",1,0
"Sevastopol, Sevastopol, Ukraine",1,1
"Seven Hills, Ohio, United States",1,1
"Seward, Alaska, United States",1,1
"Seymour, Indiana, United States",1,0
"Seymour, Tennessee, United States",1,1
"Shakhtinsk, Karaganda Region, Kazakhstan",1,1
"Shaoxing, Zhejiang, China",1,1
"Sharon Center, Ohio, United States",1,1
"Shasta, California, United States",1,1
"Shchyolkovo, Moscow Oblast, Russia",1,1
"Sheerness, England, United Kingdom",1,1
"Shelbyville, Illinois, United States",1,1
"Shelbyville, Kentucky, United States",1,1
"Shelton, Connecticut, United States",1,1
"Shenandoah, Pennsylvania, United States",1,1
"Sherwood, Oregon, United States",1,1
"Shihoro, Hokkaido, Japan",1,1
"Shimla, Himachal Pradesh, India",1,1
"Shingle Springs, California, United States",1,0
"Shinnston, West Virginia, United States",1,0
"Shippagan, New Brunswick, Canada",1,1
"Shippingport, Pennsylvania, United States",1,1
"Shiraz, (not set), Iran",1,1
"Shirbin, Dakahlia Governorate, Egypt",1,0
"Shiso, Hyogo, Japan",1,0
"Shorewood, Minnesota, United States",1,1
"Shrewsbury, Massachusetts, United States",1,1
"Shrewsbury, Missouri, United States",1,1
"Shymkent, Shymkent, Kazakhstan",1,0
"Sibu, Sarawak, Malaysia",1,1
"Sidi Bel Abbes, Sidi Bel Abbes Province, Algeria",1,1
"Sidney, Ohio, United States",1,0
"Sidoarjo, East Java, Indonesia",1,0
"Signal Mountain, Tennessee, United States",1,1
"Sikeston, Missouri, United States",1,1
"Siler City, North Carolina, United States",1,0
"Silver Summit, Utah, United States",1,1
"Silverdale, Washington, United States",1,0
"Simav, Kutahya, Türkiye",1,1
"Simpang Ampat, Penang, Malaysia",1,1
"Simpsonville, South Carolina, United States",1,1
"Sindelfingen, Baden-Wurttemberg, Germany",1,0
"Singkawang, West Kalimantan, Indonesia",1,1
"Siniloan, Calabarzon, Philippines",1,0
"Sisseton, South Dakota, United States",1,1
"Sitka, Alaska, United States",1,1
"Skidmore, Texas, United States",1,0
"Skien Municipality, Telemark, Norway",1,1
"Slatington, Pennsylvania, United States",1,1
"Slivnitsa, Sofia Province, Bulgaria",1,0
"Smithfield, North Carolina, United States",1,0
"Smithfield, Virginia, United States",1,1
"Smyrna, Delaware, United States",1,1
"Smyrna, Georgia, United States",1,1
"Snellville, Georgia, United States",1,1
"Snohomish, Washington, United States",1,1
"Snowmass Village, Colorado, United States",1,1
"Soacha, Cundinamarca, Colombia",1,0
"Sobral, Ceara, Brazil",1,1
"Socabaya, Arequipa, Peru",1,0
"Sochi, Krasnodar Krai, Russia",1,1
"Soda Springs, Idaho, United States",1,0
"Sofia, Sofia City Province, Bulgaria",1,1
"Sofia Province, (not set), Bulgaria",1,1
"Sofiivska Borschahivka, Kyiv Oblast, Ukraine",1,0
"Soledad de Graciano Sanchez, San Luis Potosi, Mexico",1,0
"Soledade, State of Rio Grande do Sul, Brazil",1,0
"Sollentuna, Stockholm County, Sweden",1,0
"Solok, West Sumatra, Indonesia",1,1
"Sombrio, State of Santa Catarina, Brazil",1,1
"Somerset, Kentucky, United States",1,1
"Somerset, Pennsylvania, United States",1,1
"Somerville, Massachusetts, United States",1,1
"Song Cau, Dak Lak, Vietnam",1,0
"Sonoma, California, United States",1,1
"Sorong, (not set), Indonesia",1,0
"Soshanguve, Gauteng, South Africa",1,1
"Sour Lake, Texas, United States",1,0
"South Boston, Virginia, United States",1,1
"South Brooksville, Florida, United States",1,1
"South Elgin, Illinois, United States",1,0
"South Kensington, Maryland, United States",1,1
"South Laurel, Maryland, United States",1,1
"South Lebanon, Ohio, United States",1,1
"South Lockport, New York, United States",1,1
"South Milwaukee, Wisconsin, United States",1,1
"South Pottstown, Pennsylvania, United States",1,1
"South San Jose Hills, California, United States",1,1
"South Valley, New Mexico, United States",1,1
"Southall, England, United Kingdom",1,1
"Southaven, Mississippi, United States",1,1
"Southern Pines, North Carolina, United States",1,1
"Southern Shores, North Carolina, United States",1,1
"Southgate, Michigan, United States",1,1
"Southport, North Carolina, United States",1,1
"Sparta, Tennessee, United States",1,1
"Spearfish, South Dakota, United States",1,0
"Speedway, Indiana, United States",1,1
"Sperry, Oklahoma, United States",1,1
"Spijkenisse, South Holland, Netherlands",1,1
"Spooner, Wisconsin, United States",1,0
"Spring, Texas, United States",1,2
"Spring House, Pennsylvania, United States",1,1
"Spring Lake, New Jersey, United States",1,1
"Spring Valley, California, United States",1,1
"Springboro, Ohio, United States",1,1
"Springdale, Arkansas, United States",1,1
"Springfield, Illinois, United States",1,1
"Springfield, Kentucky, United States",1,0
"Springfield, Vermont, United States",1,1
"Springville, California, United States",1,1
"Spruce Grove, Alberta, Canada",1,1
"St Helier, (not set), Jersey",1,1
"St. Clair Shores, Michigan, United States",1,1
"St. Cloud, Minnesota, United States",1,1
"St. Simons Island, Georgia, United States",1,1
"St. Thomas, Ontario, Canada",1,1
"Stafford Township, New Jersey, United States",1,1
"Stallings, North Carolina, United States",1,1
"Stallion Springs, California, United States",1,1
"Stansbury Park, Utah, United States",1,1
"Star City, Arkansas, United States",1,0
"Stara Zagora, Stara Zagora, Bulgaria",1,0
"Starke, Florida, United States",1,0
"Starkville, Mississippi, United States",1,0
"Starnberg, Bavaria, Germany",1,1
"Stavropol, Stavropol Krai, Russia",1,0
"Stephens City, Virginia, United States",1,1
"Sterling, Illinois, United States",1,1
"Sterling Heights, Michigan, United States",1,1
"Stettler, Alberta, Canada",1,1
"Steyerberg, Lower Saxony, Germany",1,1
"Stillwater, Oklahoma, United States",1,1
"Stilwell, Oklahoma, United States",1,1
"Stockbridge, Georgia, United States",1,1
"Stockton, Kansas, United States",1,0
"Stockton, Missouri, United States",1,1
"Stoke-on-Trent, England, United Kingdom",1,1
"Stone Mountain, Georgia, United States",1,1
"Stonegate, Colorado, United States",1,1
"Stoneham, Massachusetts, United States",1,1
"Straelen, North Rhine-Westphalia, Germany",1,1
"Strasburg, Colorado, United States",1,1
"Stratford, Connecticut, United States",1,1
"Stratford, Wisconsin, United States",1,1
"Strathmore, Alberta, Canada",1,1
"Streator, Illinois, United States",1,1
"Streetsboro, Ohio, United States",1,1
"Suceava, Suceava County, Romania",1,1
"Sucre, Chuquisaca Department, Bolivia",1,0
"Sugarcreek, Ohio, United States",1,1
"Sukabumi, West Java, Indonesia",1,0
"Sukaraja, West Java, Indonesia",1,1
"Summerland, California, United States",1,1
"Summerville, Georgia, United States",1,0
"Sumner, Washington, United States",1,1
"Sumqayit, (not set), Azerbaijan",1,0
"Sumy, Sumy Oblast, Ukraine",1,1
"Sun City Center, Florida, United States",1,1
"Sun City West, Arizona, United States",1,0
"Sunamganj, Sylhet Division, Bangladesh",1,0
"Sundbyberg, Stockholm County, Sweden",1,1
"Sunderland, England, United Kingdom",1,1
"Sungai Petani, Kedah, Malaysia",1,1
"Sungai Pinang, South Sumatra, Indonesia",1,1
"Sunshine Coast, Queensland, Australia",1,1
"Surat Thani, Surat Thani, Thailand",1,1
"Surfside Beach, South Carolina, United States",1,1
"Surigao, Caraga, Philippines",1,0
"Sussex, Wisconsin, United States",1,1
"Sutton, Quebec, Canada",1,1
"Sutton on Trent, England, United Kingdom",1,1
"Suwanee, Georgia, United States",1,1
"Svoge, Sofia Province, Bulgaria",1,1
"Swaffham, England, United Kingdom",1,1
"Swampscott, Massachusetts, United States",1,1
"Swansea, Wales, United Kingdom",1,0
"Swarthmore, Pennsylvania, United States",1,1
"Sweet Home, Oregon, United States",1,0
"Swift Current, Saskatchewan, Canada",1,0
"Sykesville, Maryland, United States",1,1
"Szeged, Csongrad, Hungary",1,1
"Taal, Calabarzon, Philippines",1,1
"Tabernash, Colorado, United States",1,1
"Tabuelan, Central Visayas, Philippines",1,0
"Tadipatri, Andhra Pradesh, India",1,1
"Taganrog, Rostov Oblast, Russia",1,0
"Tagaytay City, Calabarzon, Philippines",1,0
"Tahlequah, Oklahoma, United States",1,1
"Tahunan, Central Java, Indonesia",1,0
"Taiping, Perak, Malaysia",1,1
"Taito City, Tokyo, Japan",1,1
"Taizhou, Zhejiang, China",1,1
"Takamatsu, Kagawa, Japan",1,0
"Takatsuki, Osaka, Japan",1,1
"Talagante, Santiago Metropolitan Region, Chile",1,1
"Talas, Kayseri, Türkiye",1,0
"Talca, Maule, Chile",1,0
"Talihina, Oklahoma, United States",1,1
"Talladega, Alabama, United States",1,0
"Tam Ky, Quang Nam, Vietnam",1,1
"Tama, Iowa, United States",1,1
"Tamazunchale, San Luis Potosi, Mexico",1,0
"Tambov, Tambov Oblast, Russia",1,1
"Tan Uyen, Binh Duong, Vietnam",1,0
"Tangara da Serra, State of Mato Grosso, Brazil",1,1
"Tanta, Gharbia Governorate, Egypt",1,1
"Taoyuan District, Taoyuan City, Taiwan",1,1
"Tapes, State of Rio Grande do Sul, Brazil",1,0
"Tappan, New York, United States",1,1
"Tarabo, Dhaka Division, Bangladesh",1,0
"Tarapoto, San Martin, Peru",1,0
"Tarboro, North Carolina, United States",1,0
"Taree, New South Wales, Australia",1,1
"Tarija, Tarija Department, Bolivia",1,1
"Tarogong Kaler, West Java, Indonesia",1,0
"Tarutung, North Sumatra, Indonesia",1,0
"Tateyama, Chiba, Japan",1,1
"Tatui, State of Sao Paulo, Brazil",1,0
"Taubate, State of Sao Paulo, Brazil",1,1
"Taunggyi, Shan, Myanmar (Burma)",1,1
"Tauranga, Bay of Plenty Region, New Zealand",1,1
"Tavares, Florida, United States",1,0
"Tavernier, Florida, United States",1,0
"Taytay, Calabarzon, Philippines",1,0
"Tebessa, Tebessa Province, Algeria",1,0
"Techirghiol, Constanta, Romania",1,0
"Tega Cay, South Carolina, United States",1,1
"Tegal, Central Java, Indonesia",1,0
"Tegucigalpa, Francisco Morazan Department, Honduras",1,0
"Teixeira de Freitas, State of Bahia, Brazil",1,1
"Tekirdag, Tekirdag, Türkiye",1,0
"Tembilahan, Riau, Indonesia",1,0
"Temblador, Monagas, Venezuela",1,0
"Temirtau, Karaganda Region, Kazakhstan",1,1
"Temple Terrace, Florida, United States",1,1
"Templeton, California, United States",1,1
"Tenggarong, East Kalimantan, Indonesia",1,1
"Teofilo Otoni, State of Minas Gerais, Brazil",1,1
"Ternivka, Dnipropetrovsk Oblast, Ukraine",1,0
"Ternopil, Ternopil Oblast, Ukraine",1,0
"Terre Haute, Indiana, United States",1,1
"Terrell Hills, Texas, United States",1,1
"Tetouan, Tangier-Tetouan-Al Hoceima, Morocco",1,0
"Tetuljhora, Dhaka Division, Bangladesh",1,0
"Tewksbury, Massachusetts, United States",1,1
"Tewksbury, New Jersey, United States",1,1
"Tezpur, Assam, India",1,0
"Thai Nguyen, Thai Nguyen, Vietnam",1,1
"Thatcher, Arizona, United States",1,1
"Thayer, Missouri, United States",1,0
"The Hammocks, Florida, United States",1,1
"The Valley, (not set), Anguilla",1,1
"The Village, Oklahoma, United States",1,1
"The Villages, Florida, United States",1,1
"Thompsonville, Pennsylvania, United States",1,1
"Three Oaks, Florida, United States",1,0
"Thuan An, Binh Duong, Vietnam",1,1
"Thun, Canton of Bern, Switzerland",1,0
"Thunder Bay, Ontario, Canada",1,0
"Tianjin, Tianjin, China",1,1
"Tiaret, Tiaret Province, Algeria",1,0
"Ticonderoga, New York, United States",1,1
"Tidworth, England, United Kingdom",1,1
"Tikrit, Saladin Governorate, Iraq",1,0
"Tilbury, Ontario, Canada",1,1
"Timberlake, Virginia, United States",1,1
"Timberwood Park, Texas, United States",1,1
"Timisoara, Timis, Romania",1,1
"Timmins, Ontario, Canada",1,0
"Tinley Park, Illinois, United States",1,1
"Tipaza, Tipaza Province, Algeria",1,0
"Tiptonville, Tennessee, United States",1,1
"Tiraspol, Administrative-Territorial Units of the Left Bank of the Dniester, Moldova",1,0
"Tiruchirappalli, Tamil Nadu, India",1,0
"Titusville, Florida, United States",1,1
"Titusville, Pennsylvania, United States",1,1
"Tlajomulco de Zuniga, Jalisco, Mexico",1,1
"Tobyhanna, Pennsylvania, United States",1,1
"Tocantins, State of Minas Gerais, Brazil",1,0
"Tokai, Aichi, Japan",1,1
"Toledo, Oregon, United States",1,1
"Tomesti, Iasi County, Romania",1,1
"Toms River, New Jersey, United States",1,1
"Tonala, Jalisco, Mexico",1,0
"Tonsberg Municipality, Vestfold, Norway",1,1
"Topeka, Indiana, United States",1,1
"Toronto, Ohio, United States",1,1
"Torreon, Coahuila, Mexico",1,0
"Torrevieja, Valencian Community, Spain",1,1
"Torrey, Utah, United States",1,1
"Toshima City, Tokyo, Japan",1,1
"Tostedt, Lower Saxony, Germany",1,1
"Tremelo, Flanders, Belgium",1,0
"Trempealeau, Wisconsin, United States",1,1
"Trenton, Georgia, United States",1,0
"Trenton, Texas, United States",1,0
"Tres de Maio, State of Rio Grande do Sul, Brazil",1,0
"Trinity, Texas, United States",1,1
"Tripoli, North Governorate, Lebanon",1,0
"Troncos del Talar, Buenos Aires Province, Argentina",1,1
"Trooper, Pennsylvania, United States",1,1
"Trowell, England, United Kingdom",1,1
"Troy, Alabama, United States",1,0
"Troy, New York, United States",1,1
"Trujillo, La Libertad, Peru",1,0
"Trujui, Buenos Aires Province, Argentina",1,0
"Trumansburg, New York, United States",1,0
"Truskavets, Lviv Oblast, Ukraine",1,0
"Tryon, North Carolina, United States",1,1
"Tualatin, Oregon, United States",1,0
"Tucker, Georgia, United States",1,1
"Tucson Estates, Arizona, United States",1,1
"Tukwila, Washington, United States",1,1
"Tullahoma, Tennessee, United States",1,1
"Tunceli, Tunceli, Türkiye",1,0
"Tunuyan, Mendoza Province, Argentina",1,1
"Turbo, Antioquia, Colombia",1,1
"Turgutlu, Manisa, Türkiye",1,0
"Tuscola, Illinois, United States",1,1
"Tuxpam de Rodriguez Cano, Veracruz, Mexico",1,1
"Tweed Heads, New South Wales, Australia",1,1
"Twin Lakes, Colorado, United States",1,1
"Twin Valley, Minnesota, United States",1,0
"Tyumen, Tyumen Oblast, Russia",1,0
"Ubatuba, State of Sao Paulo, Brazil",1,1
"Uberaba, State of Minas Gerais, Brazil",1,0
"Uberlandia, State of Minas Gerais, Brazil",1,1
"Ubirata, State of Parana, Brazil",1,1
"Ucluelet, British Columbia, Canada",1,1
"Udine, Friuli-Venezia Giulia, Italy",1,1
"Udon Thani, Udon Thani, Thailand",1,0
"Ulan-Ude, Buryatia, Russia",1,1
"Ulhasnagar, Maharashtra, India",1,0
"Ullensaker Municipality, Akershus, Norway",1,1
"Umingan, Ilocos Region, Philippines",1,1
"Umm al-Fahm, Haifa District, Israel",1,0
"Umreth, Gujarat, India",1,0
"Unai, State of Minas Gerais, Brazil",1,0
"Union, South Carolina, United States",1,1
"Uniontown, Ohio, United States",1,1
"University City, Missouri, United States",1,1
"University Park, Texas, United States",1,1
"University Place, Washington, United States",1,1
"Upper Brookville, New York, United States",1,1
"Urbana, Illinois, United States",1,1
"Urgench, (not set), Uzbekistan",1,0
"Uruapan, Michoacan, Mexico",1,0
"Usak, Usak, Türkiye",1,1
"Uster, Zurich, Switzerland",1,1
"Uxbridge, Massachusetts, United States",1,1
"Uzhhorod, Zakarpattia Oblast, Ukraine",1,0
"Uzlovaya, Tula Oblast, Russia",1,0
"Vadnais Heights, Minnesota, United States",1,1
"Vaiden, Mississippi, United States",1,0
"Vail, Colorado, United States",1,1
"Valencia West, Arizona, United States",1,1
"Valenciennes, Hauts-de-France, France",1,0
"Valenzuela, Metro Manila, Philippines",1,0
"Valledupar, Cesar, Colombia",1,1
"Valley Stream, New York, United States",1,1
"Valley Township, Ohio, United States",1,1
"Valley View, Ohio, United States",1,1
"Valparaiso, Indiana, United States",1,1
"Valparaiso, Valparaiso, Chile",1,0
"Valparaiso de Goias, State of Goias, Brazil",1,1
"Van, Van, Türkiye",1,0
"Van Wert, Ohio, United States",1,0
"Vanadzor, Lori Province, Armenia",1,0
"Vankleek Hill, Ontario, Canada",1,0
"Vapi, Gujarat, India",1,0
"Vargem Grande Paulista, State of Sao Paulo, Brazil",1,0
"Varzea Grande, State of Mato Grosso, Brazil",1,0
"Vaulx-en-Velin, Auvergne-Rhone-Alpes, France",1,0
"Vazante, State of Minas Gerais, Brazil",1,1
"Velbert, North Rhine-Westphalia, Germany",1,1
"Veliky Novgorod, Novgorod Oblast, Russia",1,1
"Vereeniging, Gauteng, South Africa",1,0
"Vermilion, Ohio, United States",1,1
"Vermillion, South Dakota, United States",1,0
"Vernon, British Columbia, Canada",1,0
"Vernon Township, New Jersey, United States",1,1
"Vetralla, Lazio, Italy",1,1
"Viana, Luanda Province, Angola",1,1
"Vicente de Carvalho, State of Sao Paulo, Brazil",1,0
"Vicksburg, Mississippi, United States",1,1
"Vicosa, State of Alagoas, Brazil",1,0
"Victoria, British Columbia, Canada",1,1
"Vienna, Virginia, United States",1,1
"Vilano Beach, Florida, United States",1,1
"Villa Alemana, Valparaiso, Chile",1,0
"Villa Carlos Paz, Cordoba Province, Argentina",1,0
"Villa Crespo y San Andres, Canelones Department, Uruguay",1,0
"Villa Elvira, Buenos Aires Province, Argentina",1,0
"Villa Fiorito, Buenos Aires Province, Argentina",1,0
"Villa Krause, San Juan Province, Argentina",1,0
"Villa Mercedes, San Luis Province, Argentina",1,0
"Villa Park, Illinois, United States",1,1
"Villa Regina, Rio Negro Province, Argentina",1,0
"Villa Tesei, Buenos Aires Province, Argentina",1,0
"Village of Oak Creek, Arizona, United States",1,1
"Villahermosa, Tabasco, Mexico",1,0
"Villanova, Pennsylvania, United States",1,1
"Villanueva, La Guajira, Colombia",1,0
"Ville Platte, Louisiana, United States",1,1
"Vilnius, Vilnius County, Lithuania",1,1
"Vinh Long, Vinh Long, Vietnam",1,1
"Vinings, Georgia, United States",1,1
"Viransehir, Sanliurfa, Türkiye",1,1
"Virrey del Pino, Buenos Aires Province, Argentina",1,1
"Vitoria de Santo Antao, State of Pernambuco, Brazil",1,0
"Vivian, Louisiana, United States",1,1
"Vladikavkaz, North Ossetia–Alania Republic, Russia",1,0
"Vladivostok, Primorsky Krai, Russia",1,1
"Vologda, Vologda Oblast, Russia",1,1
"Voluntari, Ilfov County, Romania",1,0
"Vorokhta, Ivano-Frankivsk Oblast, Ukraine",1,0
"Voskresensk, Moscow Oblast, Russia",1,0
"Wadesboro, North Carolina, United States",1,0
"Wahpeton, North Dakota, United States",1,1
"Wakayama, Wakayama, Japan",1,1
"Waldorf, Maryland, United States",1,0
"Walker, Michigan, United States",1,1
"Walpole, Massachusetts, United States",1,1
"Walsall, England, United Kingdom",1,1
"Waltham, Massachusetts, United States",1,1
"Walton Park, New York, United States",1,1
"Wangen im Allgau, Baden-Wurttemberg, Germany",1,1
"Warman, Saskatchewan, Canada",1,1
"Warnes, Santa Cruz Department, Bolivia",1,1
"Warragul, Victoria, Australia",1,1
"Warren, Michigan, United States",1,1
"Warren, Minnesota, United States",1,1
"Warren, Pennsylvania, United States",1,1
"Warrensville Heights, Ohio, United States",1,1
"Warrenton, Virginia, United States",1,0
"Warroad, Minnesota, United States",1,0
"Warstein, North Rhine-Westphalia, Germany",1,1
"Washington, Iowa, United States",1,0
"Washington, Missouri, United States",1,0
"Washington Crossing, Pennsylvania, United States",1,1
"Washington Terrace, Utah, United States",1,1
"Washougal, Washington, United States",1,1
"Wasilla, Alaska, United States",1,1
"Waterbury, Vermont, United States",1,1
"Waterford, County Waterford, Ireland",1,0
"Waterford, Wisconsin, United States",1,1
"Waterloo, Ontario, Canada",1,1
"Watermael-Boitsfort, Brussels, Belgium",1,0
"Watertown, Minnesota, United States",1,1
"Watertown, New York, United States",1,1
"Watford, England, United Kingdom",1,1
"Waverly, Iowa, United States",1,1
"Waverly, Michigan, United States",1,1
"Waycross, Georgia, United States",1,1
"Waynesville, North Carolina, United States",1,1
"Weare, New Hampshire, United States",1,0
"Webster, Massachusetts, United States",1,1
"Webster, New York, United States",1,1
"Webster Groves, Missouri, United States",1,1
"Weiden in der Oberpfalz, Bavaria, Germany",1,1
"Weidman, Michigan, United States",1,1
"Weifang, Shandong, China",1,0
"Welkom, Free State, South Africa",1,0
"Wellesley, Massachusetts, United States",1,1
"Wellington, Florida, United States",1,1
"Wellington, Utah, United States",1,1
"Wesley Chapel, Florida, United States",1,1
"West Athens, California, United States",1,1
"West Bay Shore, New York, United States",1,1
"West Caldwell, New Jersey, United States",1,1
"West Fargo, North Dakota, United States",1,1
"West Hempstead, New York, United States",1,1
"West Lake Hills, Texas, United States",1,1
"West Liberty, Kentucky, United States",1,0
"West Little River, Florida, United States",1,1
"West Long Branch, New Jersey, United States",1,1
"West Point, Georgia, United States",1,1
"West Point, New York, United States",1,1
"West Point, Virginia, United States",1,0
"West Seneca, New York, United States",1,1
"West Union, Ohio, United States",1,0
"West Vancouver, British Columbia, Canada",1,1
"West Vero Corridor, Florida, United States",1,1
"Westborough, Massachusetts, United States",1,1
"Westfield, Indiana, United States",1,1
"Westfield, Massachusetts, United States",1,1
"Westlake, Ohio, United States",1,1
"Westlake Village, California, United States",1,0
"Westmont, Illinois, United States",1,1
"Weston, Connecticut, United States",1,1
"Weston, Massachusetts, United States",1,1
"Weston-super-Mare, England, United Kingdom",1,1
"Westover, West Virginia, United States",1,1
"Westport, Massachusetts, United States",1,0
"Wetzikon, Zurich, Switzerland",1,1
"Weymouth, Massachusetts, United States",1,1
"Whangarei, Northland Region, New Zealand",1,1
"Whistler, British Columbia, Canada",1,0
"White Bear Lake, Minnesota, United States",1,1
"White Marsh, Maryland, United States",1,1
"White Oak, Pennsylvania, United States",1,1
"White River, Mpumalanga, South Africa",1,0
"White Rock, British Columbia, Canada",1,1
"White Salmon, Washington, United States",1,1
"White Springs, Florida, United States",1,1
"Whitefish Bay, Wisconsin, United States",1,1
"Whitehall, Ohio, United States",1,1
"Whiteville, North Carolina, United States",1,1
"Wiesbaden, Hessen, Germany",1,1
"Wiggins, Mississippi, United States",1,1
"Wikwemikong, Ontario, Canada",1,1
"Willard, Ohio, United States",1,1
"Williams, California, United States",1,1
"Williamsburg, Florida, United States",1,1
"Williamson, West Virginia, United States",1,1
"Williamstown, Kentucky, United States",1,0
"Willich, North Rhine-Westphalia, Germany",1,1
"Willingboro, New Jersey, United States",1,0
"Willis, Texas, United States",1,0
"Willoughby, Ohio, United States",1,1
"Willow Park, Texas, United States",1,1
"Willow Springs, Missouri, United States",1,1
"Wilmington, Ohio, United States",1,1
"Wimberley, Texas, United States",1,1
"Winchester, Massachusetts, United States",1,1
"Winder, Georgia, United States",1,1
"Windham, Connecticut, United States",1,1
"Windsor, Colorado, United States",1,1
"Windsor, Ontario, Canada",1,1
"Windsor, Quebec, Canada",1,1
"Windthorst, Texas, United States",1,1
"Winfield, Alabama, United States",1,1
"Winfield, Kansas, United States",1,1
"Winslow, Arizona, United States",1,1
"Winslow Township, New Jersey, United States",1,1
"Winter, Wisconsin, United States",1,1
"Winterberg, North Rhine-Westphalia, Germany",1,1
"Winters, California, United States",1,1
"Winters, Texas, United States",1,1
"Winterthur, Zurich, Switzerland",1,1
"Wisconsin Rapids, Wisconsin, United States",1,0
"Wise, Virginia, United States",1,1
"Withamsville, Ohio, United States",1,1
"Woburn, Massachusetts, United States",1,1
"Woking, England, United Kingdom",1,1
"Wolfforth, Texas, United States",1,1
"Wollongong, New South Wales, Australia",1,1
"Wonosari, Special Region of Yogyakarta, Indonesia",1,0
"Wonosobo, Central Java, Indonesia",1,0
"Woodbridge Township, New Jersey, United States",1,1
"Woodcliff Lake, New Jersey, United States",1,1
"Woodfin, North Carolina, United States",1,1
"Woodstock, Georgia, United States",1,1
"Woodstock, Illinois, United States",1,1
"Woodstock, Ontario, Canada",1,1
"Woodville, Florida, United States",1,0
"Wool, England, United Kingdom",1,1
"Wright, Florida, United States",1,1
"Wuppertal, North Rhine-Westphalia, Germany",1,1
"Wurzburg, Bavaria, Germany",1,1
"Wynantskill, New York, United States",1,1
"Wyoming, Minnesota, United States",1,1
"Wyoming, Ohio, United States",1,1
"Yadkinville, North Carolina, United States",1,1
"Yancheng, Jiangsu, China",1,1
"Yangon, Yangon Region, Myanmar (Burma)",1,0
"Yaritagua, Yaracuy, Venezuela",1,0
"Yarmouth, Maine, United States",1,1
"Yaroslavl, Yaroslavl Oblast, Russia",1,1
"Yates Center, Kansas, United States",1,0
"Yautepec de Zaragoza, Morelos, Mexico",1,0
"Yelizovo, Kamchatka Krai, Russia",1,0
"Yoakum, Texas, United States",1,1
"Yogyakarta, Special Region of Yogyakarta, Indonesia",1,1
"York, England, United Kingdom",1,1
"York, Maine, United States",1,1
"Yorkton, Saskatchewan, Canada",1,1
"Yorkville, Illinois, United States",1,1
"Yosemite Valley, California, United States",1,1
"Yoshkar-Ola, Mari El Republic, Russia",1,1
"Yountville, California, United States",1,1
"Yufu, Oita, Japan",1,1
"Yulee, Florida, United States",1,1
"Zabbar, (not set), Malta",1,1
"Zacapu, Michoacan, Mexico",1,1
"Zagreb, City of Zagreb, Croatia",1,1
"Zahle, Beqaa Governorate, Lebanon",1,0
"Zaltbommel, Gelderland, Netherlands",1,1
"Zamora, Castile and Leon, Spain",1,1
"Zebulon, North Carolina, United States",1,1
"Zelienople, Pennsylvania, United States",1,1
"Zephyrhills, Florida, United States",1,1
"Zhanaozen, Mangystau Region, Kazakhstan",1,0
"Zhezqazghan, (not set), Kazakhstan",1,0
"Zhongzheng District, Taipei City, Taiwan",1,1
"Zilina, Zilina Region, Slovakia",1,1
"Zion, Illinois, United States",1,1
"Zionsville, Indiana, United States",1,1
"Zumpango, State of Mexico, Mexico",1,0
"Zwickau, Saxony, Germany",1,1